,itemID,title,price,itemDetail,itemLink
0,572608923530,新款汽车载行车记录仪单双镜头高清夜视无线360度全景24小时监控,376.00 - 596.00,主镜头光圈:?F2.0品牌:?ESKE型号:?G1套餐:?官方标配 套餐一 套餐二 套餐三 套餐四 套餐五 套餐六 套餐七 套餐八安装类型:?迷你机影像分辨率:?1080p拍照像素:?1800万及以上摄像像素:?500万画面视角:?170°运行内存:?无镜头数量:?双镜头颜色分类:?深灰色屏幕尺寸:?2.7英寸功能:?停车监控上网/语音套餐:?无流量语音套餐,https://item.taobao.com/item.htm?id=572608923530
1,572591975548,新款无线汽车载行车记录仪单双镜头高清夜视360度全景24小时监控,156.00 - 636.00,CCC证书编号:?产品名称:?宏曼 HM020主镜头光圈:?F2.0品牌:?宏曼型号:?HM020套餐:?官方标配 套餐一 套餐二 套餐三 套餐四 套餐五 套餐六 套餐七 套餐八安装类型:?后视镜影像分辨率:?1080p拍照像素:?1800万及以上摄像像素:?500万画面视角:?170°运行内存:?1GB镜头数量:?双镜头颜色分类:?黑色屏幕尺寸:?4.3英寸功能:?夜视加强 夜视补光 循环录像 微光夜视加强 画面畸形修正 移动侦测 GPS定位 倒车影像 停车监控 固定测速 流动测速 碰撞感应 前后录像 前后双镜头上网/语音套餐:?无流量语音套餐,https://item.taobao.com/item.htm?id=572591975548
2,573031669972,新款无线汽车载行车记录仪单双镜头高清夜视360度全景24小时监控,156.00 - 636.00,CCC证书编号:?产品名称:?宏曼 HM621主镜头光圈:?F2.0品牌:?宏曼型号:?HM621套餐:?官方标配 套餐一 套餐二 套餐三 套餐四 套餐五 套餐六 套餐七 套餐八安装类型:?迷你机影像分辨率:?1080p拍照像素:?1800万及以上摄像像素:?1800万画面视角:?170°运行内存:?1GB镜头数量:?单镜头颜色分类:?黑色 天蓝色屏幕尺寸:?2.4英寸功能:?夜视加强 夜视补光 循环录像 微光夜视加强 画面畸形修正 移动侦测 GPS定位 倒车影像 停车监控 固定测速 流动测速 碰撞感应 前后录像 前后双镜头,https://item.taobao.com/item.htm?id=573031669972
3,569574390163,新款汽车行车记录仪双镜头高清夜视24小时监控360度全景倒车影像,260.00 - 1060.00,主镜头光圈:?F2.0品牌:?CNTES型号:?C1套餐:?官方标配 套餐一 套餐二 套餐三 套餐四 套餐五 套餐六 套餐七 套餐八安装类型:?后视镜影像分辨率:?1080p拍照像素:?1600万摄像像素:?500万画面视角:?170°运行内存:?无镜头数量:?双镜头颜色分类:?黑色屏幕尺寸:?4.3英寸功能:?夜视加强 循环录像 移动侦测 倒车影像 停车监控 固定测速 流动测速 碰撞感应 前后录像 前后双镜头,https://item.taobao.com/item.htm?id=569574390163
4,566232402210,新款双镜头行车记录仪测速电子狗一体汽车高清夜视24小时监控全景,256.00 - 516.00,主镜头光圈:?F2.0品牌:?Weigav/为佳型号:?T81套餐:?官方标配 套餐一 套餐二 套餐三安装类型:?后视镜影像分辨率:?1080p拍照像素:?1200万摄像像素:?800万画面视角:?170°运行内存:?1GB镜头数量:?双镜头颜色分类:?天蓝色 深蓝色屏幕尺寸:?4.3英寸功能:?夜视加强 循环录像 移动侦测 GPS定位 停车监控 固定测速 前后录像 前后双镜头,https://item.taobao.com/item.htm?id=566232402210
5,569479613632,新款汽车载行车记录仪单双镜头高清夜视24小时监控360度全景无线,230.00 - 993.00,产品名称:?CNTES S1主镜头光圈:?F2.0品牌:?CNTES型号:?S1套餐:?官方标配 套餐一 套餐二 套餐三 套餐四 套餐五 套餐六 套餐七 套餐八安装类型:?迷你机影像分辨率:?1080p拍照像素:?1800万及以上摄像像素:?500万画面视角:?170°运行内存:?无镜头数量:?双镜头颜色分类:?黑色屏幕尺寸:?2.7英寸功能:?停车监控 碰撞感应,https://item.taobao.com/item.htm?id=569479613632
6,568772214439,高清1080P汽车行车记录仪后视镜 车载夜视一体机 单镜头 正品包邮,39.00 - 98.00,主镜头光圈:?F2.0品牌:?中性型号:?6888套餐:?套餐一 套餐二 套餐三 套餐四安装类型:?后视镜影像分辨率:?1080p拍照像素:?1800万摄像像素:?1200万画面视角:?170°运行内存:?3G镜头数量:?单镜头颜色分类:?黑色 红色屏幕尺寸:?4.3英寸功能:?循环录像 移动侦测 停车监控 前车碰撞预警 前车车距侦测 流动测速 疲劳驾驶提醒 碰撞感应 行人防撞预警 轨道偏移预警,https://item.taobao.com/item.htm?id=568772214439
7,566147524797,新款汽车载行车记录仪单双镜头高清夜视360度全景无线24小时监控,156.00 - 636.00,CCC证书编号:?产品名称:?宏曼 HM020主镜头光圈:?F2.0品牌:?宏曼型号:?HM020套餐:?官方标配 套餐一 套餐二 套餐三 套餐四 套餐五 套餐六 套餐七 套餐八安装类型:?后视镜影像分辨率:?1080p拍照像素:?1800万及以上摄像像素:?500万画面视角:?170°运行内存:?1GB镜头数量:?双镜头颜色分类:?黑色屏幕尺寸:?4.3英寸功能:?夜视加强 夜视补光 循环录像 微光夜视加强 画面畸形修正 移动侦测 GPS定位 倒车影像 停车监控 固定测速 流动测速 碰撞感应 前后录像 前后双镜头,https://item.taobao.com/item.htm?id=566147524797
8,570805785090,新款汽车车载行车记录仪高清夜视全景单双镜头隐藏式电子狗一体,198.00 - 378.00,CCC证书编号:?主镜头光圈:?F2.0品牌:?鑫诠型号:?G300套餐:?官方标配 套餐一 套餐二 套餐三 套餐四 套餐五 套餐六 套餐七 套餐八安装类型:?便携式吸盘影像分辨率:?1080p拍照像素:?1800万及以上摄像像素:?1800万画面视角:?170°运行内存:?2GB镜头数量:?双镜头颜色分类:?1黑色屏幕尺寸:?2.7英寸功能:?夜视加强 夜视补光 循环录像 微光夜视加强 移动侦测 倒车影像 停车监控 固定测速 碰撞感应 前后录像 前后双镜头,https://item.taobao.com/item.htm?id=570805785090
9,572863922861,新款汽车载行车记录仪单双镜头高清夜视360度全景无线倒车影像,260.00 - 760.00,产品名称:?CNTES X1主镜头光圈:?F2.0品牌:?CNTES型号:?X1套餐:?官方标配 套餐一 套餐二 套餐三 套餐四 套餐五 套餐六安装类型:?迷你机影像分辨率:?1080p拍照像素:?1800万及以上摄像像素:?500万画面视角:?170°运行内存:?无镜头数量:?单镜头颜色分类:?黑色屏幕尺寸:?2.4英寸功能:?停车监控 碰撞感应,https://item.taobao.com/item.htm?id=572863922861
10,573104695676,丁威特行车记录仪高清双镜头带电子狗流媒体夜视后视镜声控导航,245.00 - 1997.50,CCC证书编号:?主镜头光圈:?F2.0品牌:?丁威特型号:?T12套餐:?官方标配 套餐一 套餐二 套餐三 套餐四 套餐五 套餐六 套餐七安装类型:?后视镜影像分辨率:?1080p拍照像素:?其它摄像像素:?1200万画面视角:?170°运行内存:?无镜头数量:?双镜头颜色分类:?标配屏幕尺寸:?10英寸功能:?夜视加强 夜视补光 循环录像 移动侦测 前后录像,https://item.taobao.com/item.htm?id=573104695676
11,534159083192,行车记录仪 汽车后视镜双镜头高清夜视带电子狗倒车影像一体机,122.00 - 319.00,CCC证书编号:?主镜头光圈:?F2.0品牌:?鹏之浩型号:?Y809套餐:?官方标配 套餐一 套餐二 套餐三 套餐四 套餐五 套餐六 套餐七 套餐八安装类型:?后视镜影像分辨率:?1080p拍照像素:?1800万及以上摄像像素:?500万画面视角:?170°运行内存:?无镜头数量:?双镜头颜色分类:?黑色 蓝色屏幕尺寸:?4.3英寸功能:?循环录像 移动侦测 倒车影像 停车监控 碰撞感应,https://item.taobao.com/item.htm?id=534159083192
12,569519448720,正品1080P超高清汽车行车记录仪双镜头 夜视广角迷你车载一体机,48.80 - 158.80,主镜头光圈:?F2.0品牌:?lit型号:?xhs套餐:?套餐一 套餐二 套餐三 套餐四 套餐五 套餐六 套餐七 套餐八安装类型:?便携式吸盘影像分辨率:?1080p拍照像素:?1800万及以上摄像像素:?1200万画面视角:?170°运行内存:?2GB镜头数量:?双镜头颜色分类:?黑色屏幕尺寸:?2.7英寸功能:?夜视加强 夜视补光 循环录像 移动侦测 倒车影像 停车监控 碰撞感应 前后录像 前后双镜头,https://item.taobao.com/item.htm?id=569519448720
13,526397484286,领克01/02WEY vv5吉利博越2018款usb隐藏式行车记录仪vv7专用原厂,488.00 - 758.00,CCC证书编号:?产品名称:?FiTCAM/智看 HD2主镜头光圈:?F1.6品牌:?FiTCAM/智看型号:?HD2套餐:?官方标配 套餐一 套餐二 套餐三安装类型:?专车专用影像分辨率:?1080p拍照像素:?1200万摄像像素:?200万画面视角:?170°运行内存:?2GB镜头数量:?单镜头颜色分类:?黑色屏幕尺寸:?不带屏幕功能:?循环录像 移动侦测 WIFI 停车监控 碰撞感应,https://item.taobao.com/item.htm?id=526397484286
14,520347883076,高清1080P后视镜单镜头迷你车载夜视一体机汽车行车记录仪双镜头,122.00 - 304.00,CCC证书编号:?主镜头光圈:?F2.0品牌:?鹏之浩型号:?Y806套餐:?套餐一 套餐二 套餐三 套餐四 套餐五 套餐六 套餐七 套餐八安装类型:?后视镜影像分辨率:?1080p拍照像素:?1800万及以上摄像像素:?500万画面视角:?170°运行内存:?无镜头数量:?双镜头颜色分类:?黑色屏幕尺寸:?2.7英寸功能:?循环录像 移动侦测 停车监控 碰撞感应,https://item.taobao.com/item.htm?id=520347883076
15,571498175776,丁威特新款汽车载行车记录仪双镜头高清夜视24小时监控全景免安装,196.00 - 616.00,CCC证书编号:?主镜头光圈:?F2.0品牌:?丁威特型号:?T12套餐:?官方标配 套餐一 套餐二 套餐三 套餐四 套餐五 套餐六 套餐七 套餐八安装类型:?后视镜影像分辨率:?1080p拍照像素:?1200万摄像像素:?800万画面视角:?170°运行内存:?2GB镜头数量:?双镜头颜色分类:?黑色屏幕尺寸:?4.5英寸功能:?夜视加强 夜视补光 循环录像 微光夜视加强 画面畸形修正 移动侦测 GPS定位 倒车影像 停车监控 固定测速 流动测速 碰撞感应 车牌水印 前后录像 前后双镜头,https://item.taobao.com/item.htm?id=571498175776
16,559369594465,任E行V28行车记录仪高清夜视双镜头隐藏式全景24小时停车监控WiFi,1198.00 - 1558.00,CCC证书编号:?产品名称:?任E行 V28主镜头光圈:?F2.0品牌:?任E行型号:?V28套餐:?官方标配 套餐一 套餐二 套餐三 套餐四安装类型:?迷你机影像分辨率:?2160p拍照像素:?1200万摄像像素:?500万画面视角:?170°运行内存:?2GB镜头数量:?双镜头颜色分类:?黑色 双镜头WiFi 黑色屏幕尺寸:?2.7英寸功能:?夜视加强 夜视补光 循环录像 微光夜视加强 移动侦测 WIFI 碰撞感应 前后录像 前后双镜头上网/语音套餐:?无流量语音套餐,https://item.taobao.com/item.htm?id=559369594465
17,565822949828,小米70迈行车记录仪无线高清夜视车载隐藏式汽车单镜头停车监控,188.00 - 328.00,产品名称:?70迈 Midrive D01主镜头光圈:?F2.2品牌:?70迈型号:?Midrive D01套餐:?官方标配 套餐一 套餐二 套餐三 套餐四 套餐五安装类型:?迷你机影像分辨率:?1080p拍照像素:?200万摄像像素:?200万画面视角:?130°运行内存:?无镜头数量:?单镜头颜色分类:?黑色配双口车充 黑色配单口车充屏幕尺寸:?不带屏幕功能:?夜视加强 循环录像 画面畸形修正 短视频分享上网/语音套餐:?无流量语音套餐,https://item.taobao.com/item.htm?id=565822949828
18,573718312859,新款行车记录仪高清夜视全景360度前后双镜头录像无线24小时监控,218.00 - 348.00,主镜头光圈:?F2.0品牌:?艾伲{型号:?AA5套餐:?官方标配安装类型:?便携式吸盘影像分辨率:?1080p拍照像素:?1200万摄像像素:?500万画面视角:?170°运行内存:?4GB镜头数量:?双镜头颜色分类:?单镜头+WIFI 单镜头8GB+WIFI 单镜头16GB+WIFI 单镜头32GB+WIFI 双镜头+WIFI 双镜头8GB+WIFI 双镜头16GB+WIFI 双镜头32GB+WIFI屏幕尺寸:?不带屏幕功能:?夜视加强 夜视补光 循环录像 微光夜视加强 移动侦测 WIFI 倒车影像 停车监控 前车碰撞预警 短视频分享 碰撞感应 手势感应拍照 前后录像 前后双镜头,https://item.taobao.com/item.htm?id=573718312859
19,573972480638,24小时行车记录仪双镜头高清监控全景夜视360度倒车影像一体机,276.00 - 816.00,主镜头光圈:?F2.0品牌:?度牌型号:?26889套餐:?官方标配 套餐一 套餐二 套餐三 套餐四 套餐五 套餐六 套餐七安装类型:?后视镜影像分辨率:?1080p拍照像素:?1200万摄像像素:?1200万画面视角:?170°运行内存:?1GB镜头数量:?双镜头颜色分类:?黑色屏幕尺寸:?7英寸功能:?夜视加强 循环录像 移动侦测 倒车影像 停车监控 前车碰撞预警 固定测速 流动测速 碰撞感应 前后录像 前后双镜头,https://item.taobao.com/item.htm?id=573972480638
20,564169946669,360行车记录仪G300高清夜视隐藏式迷你汽车载无线测速电子狗G300P,309.00 - 539.00,产品名称:?360 G300主镜头光圈:?F2.2品牌:?360型号:?G300套餐:?官方标配 套餐一 套餐二 套餐三安装类型:?迷你机影像分辨率:?1080p拍照像素:?200万摄像像素:?200万画面视角:?140°运行内存:?无镜头数量:?单镜头颜色分类:?G300（标准版） G300 PLUS（远程版）屏幕尺寸:?2.0英寸功能:?夜视加强 循环录像,https://item.taobao.com/item.htm?id=564169946669
21,561869766169,新款超高清汽车行车记录仪单双镜头夜视全景广角迷你电子狗一体机,168.00 - 338.00,CCC证书编号:?主镜头光圈:?F2.0品牌:?鑫诠型号:?G300套餐:?套餐一 套餐二 套餐三 套餐四安装类型:?迷你影像分辨率:?1080p拍照像素:?1800万及以上摄像像素:?1800万画面视角:?170°运行内存:?2GB镜头数量:?双镜头颜色分类:?1黑色屏幕尺寸:?2.7英寸功能:?夜视加强 夜视补光 循环录像 移动侦测 倒车影像 停车监控 固定测速 流动测速 碰撞感应 前后录像 前后双镜头,https://item.taobao.com/item.htm?id=561869766169
22,553684920820,高清1080P汽车车载隐藏式行车记录仪单双镜头带测速电子狗一体机,46.00 - 278.00,主镜头光圈:?F2.0品牌:?玖拓型号:?迷你隐藏式记录仪套餐:?官方标配 套餐一 套餐二 套餐三安装类型:?迷你机影像分辨率:?1080p拍照像素:?1200万摄像像素:?1200万画面视角:?140°运行内存:?1GB镜头数量:?双镜头颜色分类:?【标清无电子狗】黑色●单镜头 【标清无电子狗】蓝色●单镜头 【高清无电子狗】黑色●单镜头 【高清无电子狗】蓝色●单镜头 【超清夜视无狗】黑色●单镜头 【超清夜视无狗】蓝色●单镜头 【高清无电子狗】黑色●双镜头 【高清无电子狗】蓝色●双镜头 升级版【高清无电子狗】●单镜头 升级版【高清无电子狗】●双镜头 升级版【高清带电子狗】●单镜头 升级版【高清带电子狗】●双镜头 ◆赠送运费险◇ 提示：普清款是礼品机，个人勿拍 提示：官方标配不带内存卡 提示：升级版是3M胶支架屏幕尺寸:?2.4英寸功能:?夜视加强 循环录像 倒车影像 停车监控 固定测速 流动测速 碰撞感应 前后录像 前后双镜头,https://item.taobao.com/item.htm?id=553684920820
23,570460460638,凌度汽车行车记录仪流媒体后视镜无光夜视高清双镜头带电子狗全景,349.00 - 599.00,CCC证书编号:?主镜头光圈:?F2.0品牌:?凌度型号:?990套餐:?官方标配 套餐一 套餐二 套餐三 套餐四 套餐五 套餐六 套餐七 套餐八安装类型:?后视镜影像分辨率:?1296P拍照像素:?800万摄像像素:?1200万画面视角:?170°运行内存:?2GB镜头数量:?双镜头颜色分类:?黑色屏幕尺寸:?5英寸功能:?夜视加强 循环录像 微光夜视加强 移动侦测 倒车影像 停车监控 变道辅助 固定测速 流动测速 碰撞感应 前后录像 前后双镜头上网/语音套餐:?无流量语音套餐,https://item.taobao.com/item.htm?id=570460460638
24,567482957351,小米70迈迷你智能行车记录仪停车监控高清夜视WIFI语音声控隐藏式,376.00 - 690.00,"主镜头光圈:?F2.2品牌:?Xiaomi/小米型号:?Midrive D01套餐:?官方标配安装类型:?迷你机影像分辨率:?1080p拍照像素:?200万摄像像素:?200万画面视角:?130°运行内存:?512MB镜头数量:?单镜头颜色分类:?官方标配（无内存卡） 套餐一：标配+16G专用内存卡 套餐二：标配+32G专用内存卡 套餐三：标配+64G专用内存卡 套餐四：标配+降压线 套餐五：标配+16G卡+降压线 套餐六：标配+32G卡+降压线 套餐七: 标配+64G卡+降压线屏幕尺寸:?不带屏幕功能:?夜视加强 循环录像 画面畸形修正 WIFI 短视频分享 碰撞感应 智能声控,微信接人,FM发射",https://item.taobao.com/item.htm?id=567482957351
25,563949033354,行车记录仪 迷你隐形 高清夜视 防划车24小时停车监控360度全景,736.00 - 1236.00,主镜头光圈:?F2.0品牌:?亮视线型号:?G6套餐:?官方标配 套餐一 套餐二 套餐三 套餐四安装类型:?迷你机影像分辨率:?1080p拍照像素:?400万摄像像素:?400万画面视角:?170°运行内存:?512MB镜头数量:?单镜头颜色分类:?气质银 高端黑 玫瑰红 宝石蓝屏幕尺寸:?不带屏幕功能:?夜视加强 循环录像 微光夜视加强 画面畸形修正 WIFI 停车监控 短视频分享 碰撞感应,https://item.taobao.com/item.htm?id=563949033354
26,573701402575,拍度新款汽车行车记录仪高清夜视24小时监控双镜头测速电子狗一体,608.00 - 1418.00,产品名称:?pdbq/拍度 D11主镜头光圈:?F2.0品牌:?pdbq/拍度型号:?D11套餐:?官方标配 套餐一 套餐二 套餐三 套餐四 套餐五 套餐六 套餐七 套餐八安装类型:?迷你影像分辨率:?1080p拍照像素:?800万摄像像素:?1200万画面视角:?140°运行内存:?2GB镜头数量:?双镜头颜色分类:?黑色屏幕尺寸:?4.5英寸功能:?夜视加强 循环录像 微光夜视加强 画面畸形修正 移动侦测 GPS定位 倒车影像 停车监控 固定测速 流动测速 碰撞感应 前后录像 前后双镜头,https://item.taobao.com/item.htm?id=573701402575
27,571946780901,?大众迈腾途观帕萨特速腾朗逸凌渡专用行车记录仪双镜头高清全景,1680.00,CCC证书编号:?主镜头光圈:?F1.8品牌:?麦虫型号:?NB02-大众套餐:?官方标配 套餐一 套餐二 套餐三 套餐四 套餐五 套餐六 套餐七 套餐八安装类型:?专车专用影像分辨率:?1080p拍照像素:?1200万摄像像素:?213万画面视角:?156°运行内存:?2GB镜头数量:?单镜头颜色分类:?更多车型请拍此套餐 Polo 桑塔纳 朗行 朗境 朗逸 凌渡 帕萨特 辉昂 捷达 宝来 高尔夫 速腾 C-TREK蔚领 高尔夫・嘉旅 迈腾 一汽-大众CC 甲壳虫 高尔夫(进口) 尚酷 蔚揽 大众up! Passat 大众CC Tiguan 途锐 夏朗 迈特威 凯路威 高尔夫新能源(进口) 大众Eos 途观 途观L 途昂 途安 T-ROC探歌 宝来 迈腾 辉腾 【本店提供全国安装服务】 【原车原貌原厂专用记录仪】 【下单后客服将会给您核对车型】屏幕尺寸:?不带屏幕功能:?夜视加强 循环录像 微光夜视加强 画面畸形修正 移动侦测 WIFI 停车监控 短视频分享 碰撞感应 前后录像 前后双镜头,https://item.taobao.com/item.htm?id=571946780901
28,573124175136,新款流媒体行车记录仪24小时专车专用全景汽车载智能后视镜一体机,2396.00 - 3338.00,"CCC证书编号:?主镜头光圈:?F2.0品牌:?路探型号:?K930套餐:?官方标配 套餐一 套餐二 套餐三安装类型:?专车专用影像分辨率:?1080p拍照像素:?1200万摄像像素:?1200万画面视角:?170°运行内存:?16MB镜头数量:?双镜头颜色分类:?K920 K930屏幕尺寸:?9.88英寸功能:?夜视加强 夜视补光 循环录像 微信查车，智能声控，微信接人，违章查询，FM发射， 微光夜视加强 画面畸形修正 移动侦测 GPS定位 GPS导航 WIFI 上网 倒车影像 停车监控 前车碰撞预警 前车起步提醒 前车车距侦测 变道辅助 固定测速 流动测速 疲劳驾驶提醒 短视频分享 碰撞感应 蓝牙 行人防撞预警 轨道偏移预警 限速标志提醒 手势感应拍照 消除错误码 前后录像 前后双镜头 智能声控,微信接人,FM发射",https://item.taobao.com/item.htm?id=573124175136
29,566887422389,红外夜视大小货车行车记录仪12v24v伏高清双镜头带倒车影像一体机,716.00 - 996.00,CCC证书编号:?主镜头光圈:?F1.8品牌:?Weigav/为佳型号:?U2S套餐:?官方标配 套餐一 套餐二 套餐三 套餐四 套餐五 套餐六安装类型:?便携式吸盘影像分辨率:?1080p拍照像素:?1200万摄像像素:?500万画面视角:?170°运行内存:?1GB镜头数量:?双镜头颜色分类:?黑色屏幕尺寸:?7英寸功能:?夜视加强 循环录像 微光夜视加强 画面畸形修正 移动侦测 倒车影像 停车监控 碰撞感应 前后录像 前后双镜头,https://item.taobao.com/item.htm?id=566887422389
30,569660711620,领克01行车记录仪原厂专用隐藏式高清夜视新款汽车车载监控电子狗,780.00 - 880.00,CCC证书编号:?主镜头光圈:?F2.2品牌:?车可视型号:?领克行车记录仪套餐:?官方标配 套餐一 套餐二 套餐三安装类型:?专车专用影像分辨率:?1296P拍照像素:?1500万摄像像素:?1500万画面视角:?170°运行内存:?2GB镜头数量:?单镜头颜色分类:?黑色屏幕尺寸:?不带屏幕功能:?夜视加强 循环录像 WIFI 停车监控 碰撞感应,https://item.taobao.com/item.htm?id=569660711620
31,567334843228,安卓大屏导航USB行车记录仪1080P星光高清夜视自带ADAS预警电子狗,89.00 - 258.00,主镜头光圈:?F2.0品牌:?影优型号:?Y8套餐:?官方标配 套餐一 套餐二 套餐三 套餐四 套餐五 套餐六 套餐七 套餐八安装类型:?中控式影像分辨率:?1080p拍照像素:?1200万摄像像素:?1200万画面视角:?170°运行内存:?2GB镜头数量:?双镜头颜色分类:?黑色屏幕尺寸:?不带屏幕功能:?夜视加强 循环录像 画面畸形修正 移动侦测 WIFI 倒车影像 前车碰撞预警 前车起步提醒 前车车距侦测 变道辅助 固定测速 疲劳驾驶提醒 碰撞感应 行人防撞预警 轨道偏移预警 前后录像 前后双镜头上网/语音套餐:?360GB/12个月,https://item.taobao.com/item.htm?id=567334843228
32,569330688321,怡途双镜头后视镜行车记录仪至尊版高清夜视增强倒车影像以换代修,135.10 - 185.10,主镜头光圈:?F2.5品牌:?怡途型号:?A2套餐:?官方标配安装类型:?后视镜影像分辨率:?1080p拍照像素:?1300摄像像素:?1200万画面视角:?170°运行内存:?3G镜头数量:?双镜头颜色分类:?单镜头版 双镜头版 双镜头+16g内存卡屏幕尺寸:?4.3英寸功能:?夜视加强 夜视补光 循环录像 倒车影像 前车碰撞预警 变道辅助 蓝牙 消除错误码,https://item.taobao.com/item.htm?id=569330688321
33,559479627099,360行车记录仪高清夜视24小时监控新款汽车载无线测速电子狗一体,1299.00 - 1409.00,产品名称：360 G300主镜头光圈:?F2.2品牌:?360型号:?G300套餐:?官方标配?套餐一?套餐二?套餐三?套餐四?套餐五?套餐六?套餐七?套餐八安装类型:?迷你机影像分辨率:?1080p拍照像素:?200万摄像像素:?200万画面视角:?140°运行内存:?无镜头数量:?单镜头颜色分类:?黑色屏幕尺寸:?2.0英寸功能:?夜视加强?夜视补光?循环录像?画面畸形修正?移动侦测?GPS定位?WIFI?停车监控?固定测速?疲劳驾驶提醒?短视频分享?碰撞感应?限速标志提醒,https://detail.tmall.com/item.htm?id=559479627099
34,563607030343,正际新款汽车载行车记录仪双镜头24小时监控高清夜视全景倒车影像,495.00 - 1150.00,产品名称：正际 C11主镜头光圈:?F2.0品牌:?正际型号:?C11套餐:?官方标配?套餐一?套餐二?套餐三?套餐四?套餐五?套餐六?套餐七?套餐八安装类型:?后视镜影像分辨率:?1080p拍照像素:?1200万摄像像素:?600万画面视角:?170°运行内存:?无镜头数量:?双镜头颜色分类:?黑色屏幕尺寸:?4.3英寸功能:?夜视加强?循环录像?画面畸形修正?移动侦测?GPS定位?倒车影像?停车监控?固定测速?流动测速?碰撞感应?前后录像?前后双镜头,https://detail.tmall.com/item.htm?id=563607030343
35,548029882169,360行车记录仪新款汽车载双镜头高清夜视360度全景倒车影像一体机,1999.00 - 2699.00,产品名称：360 M301主镜头光圈:?F2.2品牌:?360型号:?M301套餐:?官方标配?套餐一?套餐二?套餐三?套餐四?套餐五?套餐六?套餐七安装类型:?后视镜影像分辨率:?1080p拍照像素:?200万摄像像素:?200万画面视角:?140°运行内存:?128MB镜头数量:?双镜头颜色分类:?黑色屏幕尺寸:?4.3英寸功能:?夜视加强?循环录像?画面畸形修正?WIFI?倒车影像?停车监控?短视频分享?碰撞感应?前后录像,https://detail.tmall.com/item.htm?id=548029882169
36,568555293239,捷渡新款行车记录仪双镜头高清夜视全景24小时监控导航电子狗一体,569.00 - 1099.00,"产品名称：JADO/捷渡 D530主镜头光圈:?F2.0品牌:?JADO/捷渡型号:?D530套餐:?官方标配?套餐一?套餐二?套餐三?套餐四?套餐五?套餐六?套餐七?套餐八安装类型:?后视镜影像分辨率:?1080p拍照像素:?1200万摄像像素:?500万画面视角:?140°运行内存:?1GB镜头数量:?双镜头颜色分类:?黑色屏幕尺寸:?8英寸功能:?夜视加强?夜视补光?循环录像?微信查车，智能声控，微信接人，违章查询，FM发射，?微光夜视加强?GPS定位?GPS导航?WIFI?上网?倒车影像?停车监控?碰撞感应?前后录像?智能声控,微信接人,FM发射",https://detail.tmall.com/item.htm?id=568555293239
37,565699560376,捷渡新款行车记录仪双镜头高清夜视24小时监控全景汽车倒车影像,798.00 - 1498.00,"产品名称：JADO/捷渡 D880主镜头光圈:?F2.0品牌:?JADO/捷渡型号:?D880套餐:?官方标配?套餐一?套餐二?套餐三?套餐四?套餐五?套餐六?套餐七安装类型:?后视镜影像分辨率:?1080p拍照像素:?1200万摄像像素:?500万画面视角:?140°运行内存:?1GB镜头数量:?双镜头颜色分类:?哑黑色屏幕尺寸:?7英寸功能:?夜视加强?夜视补光?循环录像?微信查车，智能声控，微信接人，违章查询，FM发射，?微光夜视加强?移动侦测?GPS定位?GPS导航?WIFI?上网?倒车影像?停车监控?前车碰撞预警?前车车距侦测?固定测速?碰撞感应?轨道偏移预警?前后录像?前后双镜头?智能声控,微信接人,FM发射",https://detail.tmall.com/item.htm?id=565699560376
38,569229565972,乐驾新款汽车行车记录仪双镜头高清夜视360度全景24小时监控导航,798.00 - 2398.00,产品名称：ROGA/乐驾 C900主镜头光圈:?F1.8品牌:?ROGA/乐驾型号:?C900套餐:?官方标配?套餐一?套餐二?套餐三?套餐四?套餐五?套餐六安装类型:?后视镜影像分辨率:?1080p拍照像素:?200万摄像像素:?200万画面视角:?170°运行内存:?1GB镜头数量:?双镜头颜色分类:?黑色屏幕尺寸:?10英寸功能:?夜视加强?循环录像?倒车影像?停车监控?碰撞感应?前后录像?前后双镜头,https://detail.tmall.com/item.htm?id=569229565972
39,541440852748,凌度?新款行车记录仪双镜头高清夜视汽车全景导航倒车影像一体机,1299.00 - 2599.00,"产品名称：凌度 HS710主镜头光圈:?F2.0品牌:?凌度型号:?HS710套餐:?官方标配?套餐一?套餐二?套餐三?套餐四?套餐五?套餐六?套餐七?套餐八安装类型:?后视镜影像分辨率:?1080p拍照像素:?1600万摄像像素:?500万画面视角:?170°运行内存:?1GB镜头数量:?双镜头颜色分类:?黑色屏幕尺寸:?8英寸功能:?循环录像?微信查车，智能声控，微信接人，违章查询，FM发射，?微光夜视加强?移动侦测?GPS定位?GPS导航?WIFI?上网?倒车影像?停车监控?前车碰撞预警?前车起步提醒?前车车距侦测?变道辅助?固定测速?流动测速?疲劳驾驶提醒?碰撞感应?蓝牙?行人防撞预警?轨道偏移预警?限速标志提醒?前后录像?前后双镜头?智能声控,微信接人,FM发射",https://detail.tmall.com/item.htm?id=541440852748
40,572661158112,新款汽车行车记录仪双镜头高清夜视24小时监控360度全景倒车影像,427.00 - 1464.00,产品名称：炫舞飞扬 X6主镜头光圈:?F2.0品牌:?炫舞飞扬型号:?X6套餐:?官方标配?套餐一?套餐二?套餐三?套餐四?套餐五?套餐六?套餐七?套餐八安装类型:?后视镜影像分辨率:?1080p拍照像素:?1200万摄像像素:?500万画面视角:?170°运行内存:?无镜头数量:?双镜头颜色分类:?黑色屏幕尺寸:?4.3英寸功能:?夜视加强?循环录像?画面畸形修正?移动侦测?GPS定位?倒车影像?停车监控?固定测速?流动测速?碰撞感应?前后录像?前后双镜头,https://detail.tmall.com/item.htm?id=572661158112
41,567708019433,新款行车记录仪双镜头高清夜视汽车倒车影像一体机全景360度导航,599.00 - 1780.00,产品名称：Phisung/菲星 HD-P89主镜头光圈:?F2.0品牌:?Phisung/菲星型号:?HD-P89套餐:?官方标配?套餐一?套餐二?套餐三?套餐四?套餐五?套餐六?套餐七?套餐八安装类型:?后视镜影像分辨率:?1080p拍照像素:?1600万摄像像素:?1200万画面视角:?170°运行内存:?2GB镜头数量:?双镜头颜色分类:?银色屏幕尺寸:?4.3英寸功能:?夜视加强?循环录像?微信查车，智能声控，微信接人，违章查询，FM发射，?移动侦测?GPS定位?GPS导航?WIFI?上网?倒车影像?停车监控?固定测速?流动测速?碰撞感应?蓝牙?前后录像?前后双镜头上网/语音套餐:?无流量语音套餐,https://detail.tmall.com/item.htm?id=567708019433
42,572396524673,威仕特新款行车记录仪全景高清双镜头电子狗倒车影像24小时监控,438.00 - 1078.00,"产品名称：威仕特 H8主镜头光圈:?F2.2品牌:?威仕特型号:?H8套餐:?官方标配?套餐一?套餐二?套餐三?套餐四?套餐五?套餐六?套餐七?套餐八安装类型:?后视镜影像分辨率:?1080p拍照像素:?1600万摄像像素:?800万画面视角:?170°运行内存:?2GB镜头数量:?双镜头颜色分类:?黑色屏幕尺寸:?8英寸功能:?循环录像?微信查车，智能声控，微信接人，违章查询，FM发射，?微光夜视加强?GPS定位?GPS导航?WIFI?倒车影像?停车监控?固定测速?碰撞感应?蓝牙?轨道偏移预警?前后录像?前后双镜头?智能声控,微信接人,FM发射",https://detail.tmall.com/item.htm?id=572396524673
43,564415875899,新款凌度行车记录仪双镜头高清夜视倒车影像24小时监控360度全景,718.00 - 1189.00,"产品名称：凌度 HS900主镜头光圈:?F2.0品牌:?凌度型号:?HS900套餐:?官方标配?套餐一?套餐二?套餐三?套餐四?套餐五安装类型:?后视镜影像分辨率:?1080p拍照像素:?1200万摄像像素:?500万画面视角:?140°运行内存:?1GB镜头数量:?双镜头颜色分类:?银色屏幕尺寸:?8英寸功能:?夜视加强?循环录像?微信查车，智能声控，微信接人，违章查询，FM发射，?微光夜视加强?画面畸形修正?移动侦测?GPS定位?GPS导航?WIFI?上网?倒车影像?停车监控?前车碰撞预警?前车起步提醒?变道辅助?固定测速?流动测速?短视频分享?碰撞感应?蓝牙?轨道偏移预警?限速标志提醒?前后录像?前后双镜头?智能声控,微信接人,FM发射",https://detail.tmall.com/item.htm?id=564415875899
44,559022967045,吉弘新款汽车载行车记录仪双镜头高清全景24小时监控夜视倒车影像,1001.00 - 1401.00,产品名称：吉弘 C802主镜头光圈:?F2.0品牌:?吉弘型号:?C802套餐:?官方标配?套餐一?套餐二?套餐三?套餐四?套餐五?套餐六?套餐七?套餐八安装类型:?后视镜影像分辨率:?1080p拍照像素:?1400万摄像像素:?500万画面视角:?140°运行内存:?1GB镜头数量:?双镜头颜色分类:?灰色屏幕尺寸:?7英寸功能:?夜视加强?夜视补光?循环录像?移动侦测?GPS定位?倒车影像?停车监控?固定测速?限速标志提醒?前后录像?前后双镜头,https://detail.tmall.com/item.htm?id=559022967045
45,567652930879,行车记录仪测速电子狗一体机新款汽车双镜头倒车影像高清全景夜视,668.00,产品名称：豪捷 A8主镜头光圈:?F2.0品牌:?豪捷型号:?A8套餐:?套餐一?套餐二?套餐三?套餐四?套餐五?套餐六?套餐七?套餐八安装类型:?迷你机影像分辨率:?1080p拍照像素:?1200万摄像像素:?800万画面视角:?170°运行内存:?无镜头数量:?双镜头颜色分类:?黑色屏幕尺寸:?2.4英寸功能:?夜视加强?夜视补光?循环录像?微光夜视加强?移动侦测?GPS定位?倒车影像?停车监控?固定测速?流动测速?碰撞感应?前后录像?前后双镜头,https://detail.tmall.com/item.htm?id=567652930879
46,572553888298,捷渡?汽车?高清夜视行车记录仪双镜头全景24小时监控电子狗一体机,479.00 - 869.00,"产品名称：JADO/捷渡 D550主镜头光圈:?F2.0品牌:?JADO/捷渡型号:?D550套餐:?官方标配?套餐一?套餐二?套餐三?套餐四?套餐五?套餐六?套餐七?套餐八安装类型:?后视镜影像分辨率:?1080p拍照像素:?1200万摄像像素:?500万画面视角:?140°运行内存:?1GB镜头数量:?双镜头颜色分类:?黑色屏幕尺寸:?7英寸功能:?夜视加强?夜视补光?循环录像?微信查车，智能声控，微信接人，违章查询，FM发射，?微光夜视加强?画面畸形修正?移动侦测?GPS定位?GPS导航?WIFI?上网?倒车影像?停车监控?固定测速?碰撞感应?蓝牙?限速标志提醒?前后录像?前后双镜头?智能声控,微信接人,FM发射",https://detail.tmall.com/item.htm?id=572553888298
47,562554411711,新款单双镜头行车记录仪高清夜视汽车载带电子狗一体机360度全景,268.00 - 458.00,产品名称：裕创意 CY908主镜头光圈:?F2.0品牌:?裕创意型号:?CY908套餐:?官方标配?套餐一?套餐二?套餐三?套餐四?套餐五?套餐六?套餐七?套餐八安装类型:?迷你机影像分辨率:?1080p拍照像素:?1200万摄像像素:?800万画面视角:?140°运行内存:?无镜头数量:?双镜头颜色分类:?黑色屏幕尺寸:?2.4英寸功能:?夜视加强?循环录像?画面畸形修正?移动侦测?GPS定位?倒车影像?停车监控?固定测速?流动测速?碰撞感应?限速标志提醒?前后录像?前后双镜头,https://detail.tmall.com/item.htm?id=562554411711
48,567089354448,新款?凌度行车记录仪双镜头高清夜视全景流媒体汽车导航测速一体,1369.00 - 2199.00,"产品名称：凌度 HS920主镜头光圈:?F1.8品牌:?凌度型号:?HS920套餐:?官方标配?套餐一?套餐二?套餐三?套餐四?套餐五?套餐六?套餐七?套餐八安装类型:?后视镜影像分辨率:?1296P拍照像素:?1600万摄像像素:?200万画面视角:?170°运行内存:?2GB镜头数量:?双镜头颜色分类:?白色屏幕尺寸:?8英寸功能:?夜视加强?夜视补光?循环录像?微信查车，智能声控，微信接人，违章查询，FM发射，?微光夜视加强?画面畸形修正?移动侦测?GPS定位?GPS导航?WIFI?上网?倒车影像?停车监控?前车碰撞预警?前车车距侦测?变道辅助?固定测速?流动测速?碰撞感应?蓝牙?轨道偏移预警?限速标志提醒?前后录像?前后双镜头?智能声控,微信接人,FM发射",https://detail.tmall.com/item.htm?id=567089354448
49,566333229820,新款凌度行车记录仪双镜头高清夜视全景倒车影像电子狗24小时监控,476.00 - 656.00,产品名称：凌度 S18主镜头光圈:?F2.4品牌:?凌度型号:?S18套餐:?官方标配?套餐一?套餐二?套餐三?套餐四安装类型:?迷你机影像分辨率:?1080p拍照像素:?1200万摄像像素:?800万画面视角:?170°运行内存:?2GB镜头数量:?双镜头颜色分类:?黑色屏幕尺寸:?2.3英寸功能:?夜视加强?循环录像?移动侦测?GPS定位?倒车影像?停车监控?固定测速?碰撞感应?限速标志提醒?前后录像?前后双镜头,https://detail.tmall.com/item.htm?id=566333229820
50,555989380278,?行车记录仪双镜头高清夜视24小时监控汽车载测速电子狗一体全景,1478.00 - 3268.00,产品名称：XGE S11主镜头光圈:?F2.0品牌:?XGE型号:?S11套餐:?官方标配?套餐一?套餐二?套餐三?套餐四?套餐五?套餐六?套餐七?套餐八安装类型:?迷你影像分辨率:?1080p拍照像素:?1200万摄像像素:?800万画面视角:?170°运行内存:?2GB镜头数量:?双镜头颜色分类:?黑色屏幕尺寸:?4.5英寸功能:?循环录像?微信查车，智能声控，微信接人，违章查询，FM发射，?画面畸形修正?移动侦测?GPS定位?倒车影像?停车监控?固定测速?流动测速?碰撞感应?限速标志提醒?前后录像?前后双镜头,https://detail.tmall.com/item.htm?id=555989380278
51,562279756255,70迈行车记录仪高清夜视停车监控单镜头汽车载新款无线迷你隐藏式,528.00 - 678.00,"产品名称：70迈 Midrive D01主镜头光圈:?F2.2品牌:?70迈型号:?Midrive D01套餐:?官方标配?套餐一?套餐二?套餐三?套餐四?套餐五安装类型:?迷你机影像分辨率:?1080p拍照像素:?200万摄像像素:?200万画面视角:?130°运行内存:?512MB镜头数量:?单镜头颜色分类:?黑色屏幕尺寸:?不带屏幕功能:?夜视加强?循环录像?画面畸形修正?WIFI?停车监控?短视频分享?碰撞感应?智能声控,微信接人,FM发射",https://detail.tmall.com/item.htm?id=562279756255
52,522053614639,360行车记录仪高清夜视新款汽车载迷你单镜头24小时停车监控无线,688.00 - 1129.00,产品名称：360 J501C主镜头光圈:?F2.2品牌:?360型号:?J501C套餐:?官方标配?套餐一?套餐二?套餐三?套餐四?套餐五?套餐六?套餐七安装类型:?迷你机影像分辨率:?1080p拍照像素:?200万摄像像素:?300万画面视角:?140°运行内存:?无镜头数量:?单镜头颜色分类:?黑色屏幕尺寸:?2.0英寸功能:?夜视加强?循环录像?微光夜视加强?画面畸形修正?WIFI?停车监控?短视频分享?碰撞感应,https://detail.tmall.com/item.htm?id=522053614639
53,558984636573,任e行行车记录仪双镜头高清夜视全景倒车影像导航带电子狗一体机,478.00 - 1278.00,"产品名称：任E行 EM98主镜头光圈:?F2.0品牌:?任E行型号:?EM98套餐:?官方标配?套餐一?套餐二?套餐三?套餐四?套餐五?套餐六?套餐七?套餐八安装类型:?后视镜影像分辨率:?1080p拍照像素:?1200万摄像像素:?500万画面视角:?170°运行内存:?2GB镜头数量:?双镜头颜色分类:?黑色屏幕尺寸:?7英寸功能:?夜视加强?循环录像?微信查车，智能声控，微信接人，违章查询，FM发射，?微光夜视加强?GPS定位?GPS导航?WIFI?上网?倒车影像?停车监控?固定测速?流动测速?短视频分享?碰撞感应?蓝牙?限速标志提醒?前后录像?前后双镜头?智能声控,微信接人,FM发射",https://detail.tmall.com/item.htm?id=558984636573
54,45889296831,新款行车记录仪高清夜视单双镜头360度全景汽车载测速电子狗一体,747.50 - 1288.00,产品名称：XGE S3主镜头光圈:?F2.0品牌:?XGE型号:?S3套餐:?官方标配?套餐一?套餐二?套餐三?套餐四?套餐五?套餐六?套餐七?套餐八安装类型:?迷你机影像分辨率:?1080p拍照像素:?1200万摄像像素:?600万以上画面视角:?170°运行内存:?1GB镜头数量:?双镜头颜色分类:?黑色屏幕尺寸:?2.4英寸功能:?夜视加强?循环录像?画面畸形修正?移动侦测?GPS定位?倒车影像?停车监控?固定测速?流动测速?碰撞感应?限速标志提醒?前后录像?前后双镜头,https://detail.tmall.com/item.htm?id=45889296831
55,572667997775,任e行新款行车记录仪双镜头高清夜视全景24小时监控导航带电子狗,438.00 - 1278.00,"产品名称：任E行 EM99主镜头光圈:?F2.0品牌:?任E行型号:?EM99套餐:?官方标配?套餐一?套餐二?套餐三?套餐四?套餐五?套餐六?套餐七?套餐八安装类型:?后视镜影像分辨率:?1080p拍照像素:?1200万摄像像素:?500万画面视角:?170°运行内存:?2GB镜头数量:?双镜头颜色分类:?黑色屏幕尺寸:?7英寸功能:?夜视加强?循环录像?微信查车，智能声控，微信接人，违章查询，FM发射，?微光夜视加强?移动侦测?GPS定位?GPS导航?WIFI?上网?倒车影像?停车监控?固定测速?流动测速?短视频分享?碰撞感应?蓝牙?限速标志提醒?前后录像?前后双镜头?智能声控,微信接人,FM发射",https://detail.tmall.com/item.htm?id=572667997775
56,571883859814,??行车记录仪双镜头高清全景夜视24小时监控汽车倒车影像一体机,236.00 - 636.00,产品名称：法科 K600主镜头光圈:?F2.0品牌:?法科型号:?K600套餐:?官方标配?套餐一?套餐二?套餐三?套餐四?套餐五?套餐六?套餐七?套餐八安装类型:?后视镜影像分辨率:?1080p拍照像素:?1400万摄像像素:?600万画面视角:?170°运行内存:?2GB镜头数量:?双镜头颜色分类:?银色屏幕尺寸:?4.3英寸功能:?夜视加强?夜视补光?循环录像?微光夜视加强?画面畸形修正?移动侦测?倒车影像?停车监控?固定测速?流动测速?碰撞感应?限速标志提醒?车牌水印?前后录像?前后双镜头,https://detail.tmall.com/item.htm?id=571883859814
57,569695396670,新款汽车行车记录仪双镜头高清夜视全景测速电子狗一体24小时监控,176.00 - 476.00,产品名称：好奇号 G500主镜头光圈:?F2.0品牌:?好奇号型号:?G500套餐:?官方标配?套餐二?套餐三?套餐四安装类型:?迷你机影像分辨率:?1080p拍照像素:?1800万摄像像素:?1800万画面视角:?170°运行内存:?2GB镜头数量:?双镜头颜色分类:?黑色屏幕尺寸:?2.7英寸功能:?夜视加强?夜视补光?循环录像?微光夜视加强?画面畸形修正?移动侦测?GPS定位?倒车影像?停车监控?固定测速?前后录像?前后双镜头,https://detail.tmall.com/item.htm?id=569695396670
58,570667849880,行车记录仪双镜头高清夜视360度全景倒汽车影像电子狗导航一体机,518.00 - 1198.00,产品名称：HYUNDAI/现代 M8主镜头光圈:?F2.0品牌:?HYUNDAI/现代型号:?M8套餐:?官方标配?套餐一?套餐二?套餐三?套餐四?套餐五?套餐六?套餐七?套餐八安装类型:?后视镜影像分辨率:?1080p拍照像素:?900万摄像像素:?200万画面视角:?150°运行内存:?1GB镜头数量:?双镜头颜色分类:?黑色屏幕尺寸:?7英寸功能:?夜视加强?循环录像?微光夜视加强?画面畸形修正?移动侦测?倒车影像?停车监控?变道辅助?固定测速?开灯提醒?碰撞感应?轨道偏移预警?限速标志提醒?消除错误码?车牌水印?前后录像?前后双镜头,https://detail.tmall.com/item.htm?id=570667849880
59,555301848645,新款凌度汽车行车记录仪双镜头高清夜视24小时360度全景监控凌渡,320.00 - 900.00,"产品名称：凌度 HS970主镜头光圈:?F2.0品牌:?凌度型号:?HS970套餐:?官方标配?套餐一?套餐二?套餐三?套餐四?套餐五?套餐六?套餐七?套餐八安装类型:?后视镜影像分辨率:?1080p拍照像素:?1200万摄像像素:?500万画面视角:?170°运行内存:?1GB镜头数量:?双镜头颜色分类:?黑色屏幕尺寸:?7英寸功能:?夜视加强?循环录像?微信查车，智能声控，微信接人，违章查询，FM发射，?微光夜视加强?画面畸形修正?移动侦测?GPS定位?GPS导航?WIFI?上网?倒车影像?停车监控?前车碰撞预警?前车车距侦测?变道辅助?固定测速?流动测速?短视频分享?碰撞感应?蓝牙?行人防撞预警?轨道偏移预警?限速标志提醒?车牌水印?前后录像?前后双镜头?智能声控,微信接人,FM发射",https://detail.tmall.com/item.htm?id=555301848645
60,567086388620,任E行新款行车记录仪双镜头高清夜视全景倒车影像导航电子狗一体,576.00 - 1638.00,"产品名称：任E行 P98主镜头光圈:?F2.0品牌:?任E行型号:?P98套餐:?官方标配?套餐一?套餐二?套餐三?套餐四?套餐五?套餐六?套餐七?套餐八安装类型:?后视镜影像分辨率:?1080p拍照像素:?1200万摄像像素:?500万画面视角:?170°运行内存:?2GB镜头数量:?双镜头颜色分类:?黑色屏幕尺寸:?9.88英寸功能:?夜视加强?循环录像?微信查车，智能声控，微信接人，违章查询，FM发射，?微光夜视加强?移动侦测?GPS定位?GPS导航?WIFI?上网?倒车影像?停车监控?固定测速?流动测速?短视频分享?碰撞感应?蓝牙?限速标志提醒?前后录像?前后双镜头?智能声控,微信接人,FM发射",https://detail.tmall.com/item.htm?id=567086388620
61,562629996511,?捷渡?新款流媒体后视镜行车记录仪双镜头高清夜视全景倒车影像,798.00 - 1549.00,产品名称：JADO/捷渡 D800主镜头光圈:?F2.2品牌:?JADO/捷渡型号:?D800套餐:?官方标配?套餐一?套餐二?套餐三?套餐四?套餐五?套餐六?套餐七安装类型:?后视镜影像分辨率:?1296P拍照像素:?1200万摄像像素:?500万画面视角:?140°运行内存:?1GB镜头数量:?双镜头颜色分类:?黑色屏幕尺寸:?10英寸功能:?夜视加强?循环录像?微光夜视加强?GPS定位?倒车影像?停车监控?变道辅助?固定测速?前后录像?前后双镜头,https://detail.tmall.com/item.htm?id=562629996511
62,571587749552,凌度新款无线行车记录仪双镜头高清夜视汽车360度全景24小时监控,359.00 - 899.00,"产品名称：凌度 HS980B主镜头光圈:?F2.0品牌:?凌度型号:?HS980B套餐:?官方标配?套餐一?套餐二?套餐三?套餐四?套餐五?套餐六?套餐七?套餐八安装类型:?后视镜影像分辨率:?1080p拍照像素:?1600万摄像像素:?500万画面视角:?170°运行内存:?1GB镜头数量:?双镜头颜色分类:?黑色屏幕尺寸:?7英寸功能:?夜视加强?夜视补光?循环录像?微信查车，智能声控，微信接人，违章查询，FM发射，?微光夜视加强?画面畸形修正?移动侦测?GPS定位?GPS导航?WIFI?上网?倒车影像?停车监控?固定测速?流动测速?碰撞感应?蓝牙?限速标志提醒?车牌水印?前后录像?前后双镜头?智能声控,微信接人,FM发射",https://detail.tmall.com/item.htm?id=571587749552
63,531965481898,360行车记录仪二代新款高清夜视美猴王汽车载无线测速电子狗一体,669.00 - 1199.00,产品名称：360 j511C主镜头光圈:?F2.0品牌:?360型号:?j511C套餐:?官方标配?套餐一?套餐二?套餐三?套餐四?套餐五?套餐六?套餐七?套餐八安装类型:?迷你机影像分辨率:?1080p拍照像素:?300万摄像像素:?200万画面视角:?165°运行内存:?无镜头数量:?单镜头颜色分类:?黑色屏幕尺寸:?3.0英寸功能:?夜视加强?循环录像?微光夜视加强?画面畸形修正?移动侦测?GPS定位?WIFI?停车监控?前车碰撞预警?固定测速?短视频分享?碰撞感应?轨道偏移预警,https://detail.tmall.com/item.htm?id=531965481898
64,548221827793,凌度?新款行车记录仪单双镜头高清夜视凌渡全景汽车载24小时监控,1999.00 - 2449.00,产品名称：凌度 HS990B主镜头光圈:?F2.0品牌:?凌度型号:?HS990B套餐:?官方标配?套餐一?套餐二?套餐三?套餐四?套餐五?套餐六?套餐七?套餐八安装类型:?后视镜影像分辨率:?1080p拍照像素:?1600万摄像像素:?1200万画面视角:?170°运行内存:?2GB镜头数量:?双镜头颜色分类:?黑色屏幕尺寸:?5英寸功能:?夜视加强?夜视补光?循环录像?微光夜视加强?画面畸形修正?移动侦测?倒车影像?停车监控?前车碰撞预警?固定测速?流动测速?碰撞感应?行人防撞预警?限速标志提醒?车牌水印?前后录像?前后双镜头,https://detail.tmall.com/item.htm?id=548221827793
65,573506963091,新款后视镜汽车行车记录仪双镜头高清夜视全景双录监控360度广角,398.00 - 798.00,产品名称：waystar/微视达 H7主镜头光圈:?F1.8品牌:?waystar/微视达型号:?H7套餐:?官方标配?套餐一?套餐二?套餐三?套餐四?套餐五?套餐六?套餐七?套餐八安装类型:?后视镜影像分辨率:?1080p拍照像素:?1200万摄像像素:?800万画面视角:?170°运行内存:?2GB镜头数量:?双镜头颜色分类:?黑色屏幕尺寸:?7英寸功能:?循环录像?微光夜视加强?移动侦测?GPS定位?倒车影像?停车监控?固定测速?碰撞感应?车牌水印?前后录像?前后双镜头,https://detail.tmall.com/item.htm?id=573506963091
66,558904397219,盯盯拍mini3新款行车记录仪高清夜视360度全景隐藏式行车记录仪,1999.00,产品名称：盯盯拍 MINI3主镜头光圈:?F1.8品牌:?盯盯拍型号:?MINI3套餐:?官方标配?套餐一?套餐二?套餐三安装类型:?迷你机影像分辨率:?1600P拍照像素:?500万摄像像素:?500万画面视角:?140°运行内存:?256MB镜头数量:?单镜头颜色分类:?星空黑?星空色屏幕尺寸:?不带屏幕功能:?夜视加强?循环录像?微光夜视加强?画面畸形修正?WIFI?停车监控?短视频分享?碰撞感应,https://detail.tmall.com/item.htm?id=558904397219
67,572197283184,丁威特新款行车记录仪单双镜头高清夜视汽车360度全景24小时监控,699.00 - 1299.00,"产品名称：丁威特 R902主镜头光圈:?F2.0品牌:?丁威特型号:?R902套餐:?官方标配?套餐一?套餐二?套餐三?套餐四?套餐五?套餐六?套餐七?套餐八安装类型:?后视镜影像分辨率:?1080p拍照像素:?1200万摄像像素:?1200万画面视角:?170°运行内存:?1GB镜头数量:?双镜头颜色分类:?黑色屏幕尺寸:?8英寸功能:?夜视补光?循环录像?微信查车，智能声控，微信接人，违章查询，FM发射，?微光夜视加强?画面畸形修正?移动侦测?GPS定位?WIFI?上网?倒车影像?停车监控?前车碰撞预警?变道辅助?固定测速?流动测速?疲劳驾驶提醒?碰撞感应?蓝牙?轨道偏移预警?前后录像?前后双镜头?智能声控,微信接人,FM发射上网/语音套餐:?无流量语音套餐",https://detail.tmall.com/item.htm?id=572197283184
68,538978191837,惠普汽车车载行车记录仪双镜头高清夜视24小时监控带倒车影像f860,1699.00,产品名称：HP/惠普 F860主镜头光圈:?F1.8品牌:?HP/惠普型号:?F860套餐:?官方标配?套餐一?套餐二?套餐三?套餐四?套餐五?套餐六?套餐七?套餐八安装类型:?迷你机影像分辨率:?1080p拍照像素:?200万摄像像素:?200万画面视角:?155°运行内存:?1GB镜头数量:?双镜头颜色分类:?黑色屏幕尺寸:?3.0英寸功能:?夜视加强?夜视补光?循环录像?微光夜视加强?画面畸形修正?移动侦测?倒车影像?停车监控?前车车距侦测?疲劳驾驶提醒?碰撞感应?轨道偏移预警?前后录像?前后双镜头,https://detail.tmall.com/item.htm?id=538978191837
69,549059514299,新科新款汽车载行车记录仪双镜头高清全景夜视24小时监控倒车影像,398.00 - 798.00,产品名称：Shinco/新科 C21主镜头光圈:?F2.0品牌:?Shinco/新科型号:?C21套餐:?官方标配?套餐一?套餐二?套餐三?套餐四?套餐五?套餐六?套餐七安装类型:?后视镜影像分辨率:?1080p拍照像素:?1200万摄像像素:?130万画面视角:?140°运行内存:?1GB镜头数量:?双镜头颜色分类:?黑色屏幕尺寸:?4.3英寸功能:?夜视加强?循环录像?画面畸形修正?移动侦测?GPS定位?倒车影像?停车监控?固定测速?流动测速?碰撞感应?限速标志提醒?车牌水印?前后录像?前后双镜头,https://detail.tmall.com/item.htm?id=549059514299
70,547103480535,盯盯拍mini2S无线行车记录仪高清夜视24小时监控车载记录仪迷你,818.00 - 938.00,产品名称：盯盯拍 mini 2s主镜头光圈:?F1.8品牌:?盯盯拍型号:?mini 2s套餐:?官方标配?套餐一?套餐二?套餐三?套餐四安装类型:?迷你机影像分辨率:?1440P拍照像素:?400万摄像像素:?400万画面视角:?140°运行内存:?256MB镜头数量:?单镜头颜色分类:?黑色屏幕尺寸:?不带屏幕功能:?夜视加强?循环录像?微光夜视加强?画面畸形修正?WIFI?停车监控?短视频分享?碰撞感应,https://detail.tmall.com/item.htm?id=547103480535
71,567834234119,途美?行车记录仪高清夜视双镜头全景测速电子狗一体带24小时监控,516.00 - 1016.00,产品名称：Tour Mate/途美 M9主镜头光圈:?F2.0品牌:?Tour Mate/途美型号:?M9套餐:?官方标配?套餐一?套餐二?套餐三?套餐四?套餐五安装类型:?迷你机影像分辨率:?1080p拍照像素:?1200万摄像像素:?800万画面视角:?170°运行内存:?无镜头数量:?双镜头颜色分类:?黑色屏幕尺寸:?4.5英寸功能:?循环录像?微光夜视加强?GPS定位?上网?倒车影像?停车监控?固定测速?流动测速?碰撞感应?前后录像?前后双镜头,https://detail.tmall.com/item.htm?id=567834234119
72,548143505278,小蚁行车记录仪高清夜视1296Pwifi智能广角摄像青春版单口车充,279.00 - 377.00,产品名称：yi YCS.1016.CN主镜头光圈:?F1.8品牌:?yi型号:?YCS.1016.CN套餐:?官方标配?套餐一?套餐二?套餐三安装类型:?迷你机影像分辨率:?1296P拍照像素:?300万摄像像素:?300万画面视角:?165°运行内存:?无镜头数量:?单镜头颜色分类:?青春版屏幕尺寸:?2.7英寸功能:?循环录像,https://detail.tmall.com/item.htm?id=548143505278
73,545473483441,小米行车记录仪1080p高清夜视单镜头迷你车载记录仪,349.00 - 867.00,产品名称：MIJIA/米家 MJXCJLY01BY主镜头光圈:?F1.8品牌:?MIJIA/米家型号:?MJXCJLY01BY套餐:?官方标配?套餐一?套餐二?套餐三安装类型:?迷你机影像分辨率:?1080p拍照像素:?200万摄像像素:?200万画面视角:?160°运行内存:?512MB镜头数量:?单镜头颜色分类:?黑色屏幕尺寸:?3.0英寸功能:?夜视加强?循环录像?WIFI?碰撞感应,https://detail.tmall.com/item.htm?id=545473483441
74,573215210100,吉弘新款汽车载行车记录仪双镜头高清全景24小时监控夜视倒车影像,700.00 - 1141.00,"产品名称：JIHONG/吉弘 c802主镜头光圈:?F2.0品牌:?JIHONG/吉弘型号:?C802套餐:?官方标配?套餐一?套餐二?套餐三?套餐四?套餐五?套餐六?套餐七?套餐八安装类型:?后视镜影像分辨率:?1080p拍照像素:?500万摄像像素:?500万画面视角:?140°运行内存:?1GB镜头数量:?双镜头颜色分类:?银色屏幕尺寸:?7英寸功能:?夜视加强?夜视补光?循环录像?微信查车，智能声控，微信接人，违章查询，FM发射，?微光夜视加强?移动侦测?GPS定位?GPS导航?WIFI?上网?倒车影像?停车监控?前车碰撞预警?固定测速?碰撞感应?蓝牙?行人防撞预警?轨道偏移预警?前后录像?前后双镜头?智能声控,微信接人,FM发射",https://detail.tmall.com/item.htm?id=573215210100
75,572334301604,SAMEUO汽车载行车记录仪单双镜头高清夜视全景无线迷你隐藏式,338.00 - 798.00,产品名称：sameuo U700主镜头光圈:?F1.8品牌:?sameuo型号:?U700套餐:?官方标配?套餐一?套餐二?套餐三?套餐四?套餐五?套餐六?套餐七?套餐八安装类型:?迷你机影像分辨率:?1296P拍照像素:?1200万摄像像素:?1200万画面视角:?170°运行内存:?2GB镜头数量:?单镜头颜色分类:?黑色屏幕尺寸:?不带屏幕功能:?夜视加强?循环录像?微光夜视加强?移动侦测?WIFI?停车监控?碰撞感应?前后录像?前后双镜头,https://detail.tmall.com/item.htm?id=572334301604
76,572212754563,新款行车记录仪双镜头全景高清夜视倒车影像停车监控导航仪电子狗,738.00 - 1398.00,"产品名称：威仕特 C8智能版主镜头光圈:?F2.2品牌:?威仕特型号:?C8智能版套餐:?官方标配?套餐一?套餐二?套餐三?套餐四?套餐五?套餐六安装类型:?后视镜影像分辨率:?1080p拍照像素:?1600万摄像像素:?800万画面视角:?170°运行内存:?2GB镜头数量:?双镜头颜色分类:?黑色屏幕尺寸:?8英寸功能:?夜视加强?夜视补光?循环录像?微信查车，智能声控，微信接人，违章查询，FM发射，?微光夜视加强?画面畸形修正?移动侦测?GPS定位?GPS导航?WIFI?上网?倒车影像?停车监控?变道辅助?固定测速?蓝牙?限速标志提醒?前后录像?前后双镜头?智能声控,微信接人,FM发射",https://detail.tmall.com/item.htm?id=572212754563
77,569600860699,新款?凌度行车记录仪双镜头高清夜视全景流媒体汽车导航倒车影像,2295.00 - 6495.00,"产品名称：凌度 HS920主镜头光圈:?F1.8品牌:?凌度型号:?HS920套餐:?官方标配?套餐一?套餐二?套餐三?套餐四?套餐五?套餐六?套餐七?套餐八安装类型:?后视镜影像分辨率:?1080p拍照像素:?1600万摄像像素:?200万画面视角:?170°运行内存:?2GB镜头数量:?双镜头颜色分类:?白色屏幕尺寸:?8英寸功能:?夜视加强?循环录像?微信查车，智能声控，微信接人，违章查询，FM发射，?移动侦测?GPS定位?倒车影像?停车监控?前车碰撞预警?固定测速?智能声控,微信接人,FM发射",https://detail.tmall.com/item.htm?id=569600860699
78,571828339695,凌度新款汽车行车记录仪双镜头高清夜视导航流媒体测速电子狗一体,599.00 - 1099.00,"产品名称：凌度 HS920主镜头光圈:?F1.8品牌:?凌度型号:?HS920套餐:?官方标配?套餐一?套餐二?套餐三?套餐四?套餐五?套餐六?套餐七?套餐八安装类型:?后视镜影像分辨率:?1080p拍照像素:?1600万摄像像素:?200万画面视角:?170°运行内存:?2GB镜头数量:?双镜头颜色分类:?白色屏幕尺寸:?8英寸功能:?夜视加强?循环录像?微信查车，智能声控，微信接人，违章查询，FM发射，?微光夜视加强?移动侦测?GPS定位?GPS导航?WIFI?上网?倒车影像?停车监控?前车碰撞预警?前车车距侦测?固定测速?流动测速?碰撞感应?蓝牙?轨道偏移预警?前后录像?前后双镜头?智能声控,微信接人,FM发射",https://detail.tmall.com/item.htm?id=571828339695
79,551010335177,远箭新款汽车载行车记录仪双镜头高清全景夜视24小时监控倒车影像,318.00 - 718.00,产品名称：farami/远箭 R600主镜头光圈:?F2.0品牌:?farami/远箭型号:?R600套餐:?官方标配?套餐一?套餐二?套餐三?套餐四?套餐五?套餐六?套餐七?套餐八安装类型:?后视镜影像分辨率:?1080p拍照像素:?其它摄像像素:?1200万画面视角:?170°运行内存:?1GB镜头数量:?双镜头颜色分类:?黑色屏幕尺寸:?4.3英寸功能:?循环录像?微信查车，智能声控，微信接人，违章查询，FM发射，?移动侦测?GPS定位?GPS导航?WIFI?上网?倒车影像?停车监控?固定测速?流动测速?碰撞感应?蓝牙?限速标志提醒,https://detail.tmall.com/item.htm?id=551010335177
80,545897526419,小米米家行车记录仪高清夜视智能广角1080P单镜头汽车行车录像,369.00,产品名称：Xiaomi/小米 MJXCJLY01BY主镜头光圈:?F1.8品牌:?Xiaomi/小米型号:?MJXCJLY01BY套餐:?官方标配安装类型:?迷你机影像分辨率:?1080p拍照像素:?其它摄像像素:?200万画面视角:?160°运行内存:?无镜头数量:?单镜头颜色分类:?黑色屏幕尺寸:?2.7英寸功能:?夜视加强?循环录像?WIFI?碰撞感应,https://detail.tmall.com/item.htm?id=545897526419
81,559315128408,丁威特行车记录仪高清夜视单双镜头360度全景24小时监控新款车载,999.00 - 3499.00,"产品名称：丁威特 S10主镜头光圈:?F2.0品牌:?丁威特型号:?S10套餐:?官方标配?套餐一?套餐二?套餐三?套餐四?套餐五?套餐六?套餐七?套餐八安装类型:?后视镜影像分辨率:?1080p拍照像素:?1200万摄像像素:?800万画面视角:?170°运行内存:?1GB镜头数量:?双镜头颜色分类:?黑色屏幕尺寸:?8英寸功能:?夜视加强?夜视补光?循环录像?微信查车，智能声控，微信接人，违章查询，FM发射，?微光夜视加强?移动侦测?GPS定位?GPS导航?WIFI?上网?倒车影像?停车监控?固定测速?碰撞感应?蓝牙?前后录像?前后双镜头?智能声控,微信接人,FM发射上网/语音套餐:?无流量语音套餐",https://detail.tmall.com/item.htm?id=559315128408
82,555942256473,拍度?新款行车记录仪双镜头高清夜视24小时监控全景汽车载电子狗,872.00 - 1912.00,产品名称：pdbq/拍度 D11主镜头光圈:?F2.0品牌:?pdbq/拍度型号:?D11套餐:?官方标配?套餐一?套餐二?套餐三?套餐四?套餐五?套餐六?套餐七?套餐八安装类型:?迷你影像分辨率:?1080p拍照像素:?800万摄像像素:?1200万画面视角:?140°运行内存:?2GB镜头数量:?双镜头颜色分类:?黑色屏幕尺寸:?4.5英寸功能:?夜视加强?夜视补光?循环录像?画面畸形修正?移动侦测?GPS定位?倒车影像?停车监控?固定测速?流动测速?碰撞感应?限速标志提醒?前后录像?前后双镜头,https://detail.tmall.com/item.htm?id=555942256473
83,558907138726,前后双录行车记录仪双镜头高清夜视全景汽车新款360度24小时监控,998.00,产品名称：禹华通 YZ01主镜头光圈:?F2.0品牌:?禹华通型号:?YZ01套餐:?官方标配?套餐一?套餐二?套餐三?套餐四?套餐五安装类型:?后视镜影像分辨率:?1080p拍照像素:?300万摄像像素:?300万画面视角:?140°运行内存:?64MB镜头数量:?双镜头颜色分类:?黑色屏幕尺寸:?4.3英寸功能:?夜视加强?循环录像?微光夜视加强?GPS定位?GPS导航?上网?倒车影像?停车监控?碰撞感应?前后录像?前后双镜头,https://detail.tmall.com/item.htm?id=558907138726
84,561815465309,汽车载行车记录仪单双镜头高清夜视360度全景带测速电子狗一体机,258.00 - 788.00,产品名称：Weigav/为佳 T90A主镜头光圈:?F2.0品牌:?Weigav/为佳型号:?T90A套餐:?官方标配?套餐一?套餐二?套餐三?套餐四?套餐五?套餐六?套餐七?套餐八安装类型:?迷你机影像分辨率:?1080p拍照像素:?1200万摄像像素:?800万画面视角:?140°运行内存:?无镜头数量:?单镜头颜色分类:?黑色屏幕尺寸:?2.4英寸功能:?循环录像?画面畸形修正?移动侦测?GPS定位?倒车影像?停车监控?固定测速?流动测速?碰撞感应?限速标志提醒?前后录像?前后双镜头,https://detail.tmall.com/item.htm?id=561815465309
85,562520752276,70迈智能行车记录仪新款高清夜视大广角WiFi无线互联隐藏式安装,209.00 - 239.00,产品名称：70迈 Midrive D01主镜头光圈:?F2.2品牌:?70迈型号:?Midrive D01套餐:?官方标配?套餐一?套餐二安装类型:?迷你机影像分辨率:?1080p拍照像素:?200万摄像像素:?130万画面视角:?130°运行内存:?512MB镜头数量:?单镜头颜色分类:?黑色屏幕尺寸:?不带屏幕功能:?循环录像?画面畸形修正?短视频分享,https://detail.tmall.com/item.htm?id=562520752276
86,559272762384,70迈新款行车记录仪高清夜视汽车无线迷你单镜头隐藏式,528.00 - 658.00,产品名称：70迈 Midrive D01主镜头光圈:?F2.2品牌:?70迈型号:?Midrive D01套餐:?官方标配?套餐一?套餐二?套餐三?套餐四?套餐五安装类型:?迷你机影像分辨率:?1080p拍照像素:?200万摄像像素:?200万画面视角:?130°运行内存:?无镜头数量:?单镜头颜色分类:?黑色屏幕尺寸:?不带屏幕功能:?夜视加强?循环录像?画面畸形修正?短视频分享,https://detail.tmall.com/item.htm?id=559272762384
87,527430422517,新款隐藏式行车记录仪双镜头高清夜视全景无线电子狗带24小时监控,1398.00 - 1796.00,产品名称：摩卡伦 U600主镜头光圈:?F2.0品牌:?摩卡伦型号:?U600套餐:?官方标配?套餐一?套餐二?套餐三?套餐四?套餐五安装类型:?专车专用影像分辨率:?1080p拍照像素:?1200万摄像像素:?1200万画面视角:?170°运行内存:?2GB镜头数量:?单镜头颜色分类:?黑色屏幕尺寸:?不带屏幕功能:?夜视加强?循环录像?微信查车，智能声控，微信接人，违章查询，FM发射，?GPS定位?WIFI?停车监控?固定测速?碰撞感应?限速标志提醒?前后录像?前后双镜头,https://detail.tmall.com/item.htm?id=527430422517
88,559364387132,PAPAGO趴趴狗新款行车记录仪高清夜视汽车N291无线wifi24小时监控,999.00 - 1209.00,产品名称：PAPAGO！ N291主镜头光圈:?F1.33品牌:?PAPAGO！型号:?n291套餐:?官方标配?套餐一?套餐二?套餐三?套餐四?套餐五?套餐六?套餐七?套餐八安装类型:?迷你机影像分辨率:?1440P拍照像素:?200万摄像像素:?350万画面视角:?140°运行内存:?2GB镜头数量:?单镜头颜色分类:?黑色屏幕尺寸:?2.0英寸功能:?夜视加强?夜视补光?循环录像?微光夜视加强?移动侦测?WIFI?停车监控?碰撞感应?车牌水印,https://detail.tmall.com/item.htm?id=559364387132
89,565343125488,新款汽车行车记录仪双镜头电子狗24小时监控高清夜视全景倒车影像,388.00 - 578.00,产品名称：科敏 H803主镜头光圈:?F2.0品牌:?科敏型号:?H803套餐:?官方标配?套餐一?套餐二?套餐三?套餐四?套餐五?套餐六?套餐七?套餐八安装类型:?后视镜影像分辨率:?1080p拍照像素:?1200万摄像像素:?1200万画面视角:?170°运行内存:?1GB镜头数量:?双镜头颜色分类:?黑色屏幕尺寸:?4.3英寸功能:?夜视加强?夜视补光?循环录像?微光夜视加强?画面畸形修正?移动侦测?GPS定位?GPS导航?倒车影像?停车监控?前车碰撞预警?变道辅助?固定测速?流动测速?短视频分享?碰撞感应?行人防撞预警?轨道偏移预警?限速标志提醒?手势感应拍照?消除错误码?车牌水印?前后录像?前后双镜头,https://detail.tmall.com/item.htm?id=565343125488
90,524612586370,盯盯拍mini新款行车记录仪高清夜视24小时监控无线隐藏式汽车,495.00,产品名称：盯盯拍 mini主镜头光圈:?F1.8品牌:?盯盯拍型号:?mini套餐:?官方标配?套餐一?套餐二?套餐三?套餐四安装类型:?迷你机影像分辨率:?1080p拍照像素:?200万摄像像素:?200万画面视角:?140°运行内存:?128MB镜头数量:?单镜头颜色分类:?亮黑色屏幕尺寸:?不带屏幕功能:?夜视加强?循环录像?微光夜视加强?画面畸形修正?WIFI?停车监控?短视频分享?碰撞感应,https://detail.tmall.com/item.htm?id=524612586370
91,558633899979,任E行新款汽车无线行车记录仪高清夜视双镜头车载全景24小时监控,699.00 - 949.00,产品名称：任E行 V28主镜头光圈:?F2.0品牌:?任E行型号:?V28套餐:?官方标配?套餐一?套餐二?套餐三?套餐四?套餐五?套餐六?套餐七安装类型:?迷你机影像分辨率:?2160p拍照像素:?1200万摄像像素:?500万画面视角:?170°运行内存:?1GB镜头数量:?双镜头颜色分类:?亮黑色屏幕尺寸:?2.7英寸功能:?循环录像?移动侦测?碰撞感应?前后录像?前后双镜头,https://detail.tmall.com/item.htm?id=558633899979
92,554996679241,新款凌度?行车记录仪双镜头高清夜视24小时监控360度全景无线渡,899.00 - 1499.00,产品名称：凌度 HS-998主镜头光圈:?F2.0品牌:?凌度型号:?HS-998套餐:?官方标配?套餐一?套餐二?套餐三?套餐四?套餐五?套餐六?套餐七?套餐八安装类型:?后视镜影像分辨率:?1296P拍照像素:?1600万摄像像素:?600万画面视角:?170°运行内存:?1GB镜头数量:?双镜头颜色分类:?黑色屏幕尺寸:?7英寸功能:?夜视加强?夜视补光?循环录像?微光夜视加强?画面畸形修正?倒车影像?停车监控?前车碰撞预警?前车车距侦测?变道辅助?碰撞感应?行人防撞预警?轨道偏移预警?消除错误码?前后录像?前后双镜头,https://detail.tmall.com/item.htm?id=554996679241
93,563486076589,360行车记录仪G300高清夜视隐藏式迷你汽车载无线测速电子狗一体,999.00 - 1099.00,产品名称：360 G300主镜头光圈:?F2.2品牌:?360型号:?G300套餐:?官方标配?套餐一?套餐二?套餐三?套餐四?套餐五?套餐六安装类型:?迷你机影像分辨率:?1080p拍照像素:?200万摄像像素:?200万画面视角:?140°运行内存:?无镜头数量:?单镜头颜色分类:?黑灰色屏幕尺寸:?2.0英寸功能:?夜视加强?循环录像?画面畸形修正?移动侦测?GPS定位?WIFI?固定测速?疲劳驾驶提醒?短视频分享?碰撞感应?限速标志提醒,https://detail.tmall.com/item.htm?id=563486076589
94,573870291484,车载汽车新款行车记录仪单双镜头高清夜视360度全景24小时监控,112.00 - 516.00,产品名称：丽爵 Q6主镜头光圈:?F2.8品牌:?丽爵型号:?Q6套餐:?官方标配?套餐一?套餐二?套餐三?套餐四?套餐五?套餐六?套餐七?套餐八安装类型:?后视镜影像分辨率:?1080p拍照像素:?1800万摄像像素:?1800万画面视角:?170°运行内存:?2GB镜头数量:?双镜头颜色分类:?黑色屏幕尺寸:?4.3英寸功能:?夜视补光?循环录像?移动侦测?倒车影像?停车监控?流动测速?碰撞感应?前后录像?前后双镜头,https://detail.tmall.com/item.htm?id=573870291484
95,548080833306,凌度行车记录仪双镜头高清夜视360度全景凌渡倒车影像24小时监控,859.00 - 1599.00,产品名称：凌度 HS810主镜头光圈:?F2.0品牌:?凌度型号:?HS810套餐:?官方标配?套餐一?套餐二?套餐三?套餐四?套餐五?套餐六?套餐七?套餐八安装类型:?后视镜影像分辨率:?1080p拍照像素:?1600万摄像像素:?800万画面视角:?170°运行内存:?2GB镜头数量:?多镜头颜色分类:?深灰色屏幕尺寸:?8英寸功能:?夜视加强?夜视补光?循环录像?微信查车，智能声控，微信接人，违章查询，FM发射，?微光夜视加强?画面畸形修正?GPS定位?GPS导航?WIFI?上网?倒车影像?停车监控?固定测速?短视频分享?碰撞感应?限速标志提醒?车牌水印?前后录像,https://detail.tmall.com/item.htm?id=548080833306
96,561160667604,凌度中控台式行车记录仪双镜头高清全景电子狗导航倒车影像一体机,658.00 - 2360.00,"产品名称：凌度 A818主镜头光圈:?F1.8品牌:?凌度型号:?A818套餐:?官方标配?套餐一?套餐二?套餐三?套餐四?套餐五?套餐六?套餐七?套餐八安装类型:?中控式影像分辨率:?1080p拍照像素:?1800万及以上摄像像素:?200万画面视角:?170°运行内存:?2GB镜头数量:?双镜头颜色分类:?黑色屏幕尺寸:?8英寸功能:?夜视加强?循环录像?微信查车，智能声控，微信接人，违章查询，FM发射，?微光夜视加强?画面畸形修正?移动侦测?GPS定位?GPS导航?WIFI?上网?倒车影像?停车监控?前车碰撞预警?固定测速?蓝牙?轨道偏移预警?限速标志提醒?车牌水印?前后录像?前后双镜头?智能声控,微信接人,FM发射",https://detail.tmall.com/item.htm?id=561160667604
97,40639668494,凌洋新款隐藏式汽车行车记录仪单双镜头高清全景夜视倒车影像一体,298.00 - 578.00,主镜头光圈:?F2.0品牌:?凌洋型号:?X9套餐:?官方标配?套餐一?套餐二?套餐三安装类型:?迷你机影像分辨率:?1080p拍照像素:?300万摄像像素:?300万画面视角:?140°运行内存:?无镜头数量:?双镜头颜色分类:?磨砂商务黑【单镜头】?磨砂商务黑【双镜头】屏幕尺寸:?3.0英寸功能:?夜视加强?循环录像?画面畸形修正?移动侦测?倒车影像?停车监控?碰撞感应?前后录像?前后双镜头,https://detail.tmall.com/item.htm?id=40639668494
98,573549095740,途美行车记录仪高清夜视双镜头全景倒车影像带24小时监控电子狗,456.00 - 736.00,产品名称：Tour Mate/途美 A20主镜头光圈:?F2.0品牌:?Tour Mate/途美型号:?A20套餐:?官方标配?套餐一?套餐二?套餐三?套餐四安装类型:?后视镜影像分辨率:?1080p拍照像素:?1200万摄像像素:?800万画面视角:?170°运行内存:?1GB镜头数量:?双镜头颜色分类:?黑色屏幕尺寸:?5英寸功能:?循环录像?移动侦测?倒车影像?停车监控?固定测速?流动测速?碰撞感应?前后录像?前后双镜头,https://detail.tmall.com/item.htm?id=573549095740
99,527346361688,小蚁行车记录仪高清夜视yi新款1080p单镜头迷你智能车载无线wifi,299.00 - 389.00,产品名称：yi YCS.1015.CN主镜头光圈:?F1.8品牌:?yi型号:?YCS.1015.CN套餐:?官方标配?套餐一?套餐二?套餐三?套餐四?套餐五安装类型:?迷你机影像分辨率:?1296P拍照像素:?300万摄像像素:?300万画面视角:?165°运行内存:?256MB镜头数量:?单镜头颜色分类:?太空灰屏幕尺寸:?2.7英寸功能:?循环录像?前车碰撞预警?前车车距侦测?碰撞感应?轨道偏移预警,https://detail.tmall.com/item.htm?id=527346361688
100,561436770899,瑞柯新款行车记录仪高清夜视双镜头倒车影像全景电子狗测速一体机,256.00 - 956.00,产品名称：Windek/瑞柯 RCM-A10主镜头光圈:?F2.0品牌:?Windek/瑞柯型号:?RCM-A10套餐:?官方标配?套餐一?套餐二?套餐三?套餐四?套餐五?套餐六?套餐七?套餐八安装类型:?后视镜影像分辨率:?1080p拍照像素:?1200万摄像像素:?500万画面视角:?170°运行内存:?2GB镜头数量:?双镜头颜色分类:?黑色屏幕尺寸:?4.3英寸功能:?夜视加强?夜视补光?循环录像?微光夜视加强?画面畸形修正?移动侦测?GPS定位?倒车影像?停车监控?固定测速?流动测速?疲劳驾驶提醒?碰撞感应?限速标志提醒?消除错误码?车牌水印?前后录像?前后双镜头,https://detail.tmall.com/item.htm?id=561436770899
101,572912582508,米志行车记录仪高清夜视24小时监控新款汽车载无线测速电子狗一体,1299.00 - 1699.00,产品名称：MIZHI/米志 ZH01主镜头光圈:?F2.0品牌:?MIZHI/米志型号:?ZH01套餐:?官方标配?套餐一?套餐二?套餐三?套餐四?套餐五?套餐六?套餐七?套餐八安装类型:?迷你机影像分辨率:?1080p拍照像素:?800万摄像像素:?800万画面视角:?145°运行内存:?无镜头数量:?单镜头颜色分类:?黑色屏幕尺寸:?2.0英寸功能:?夜视加强?夜视补光?循环录像?微光夜视加强?画面畸形修正?移动侦测?倒车影像?停车监控?固定测速?流动测速?疲劳驾驶提醒?短视频分享?碰撞感应?限速标志提醒,https://detail.tmall.com/item.htm?id=572912582508
102,563474950249,第一现场行车记录仪高清夜视360度全景24小时监控双镜头倒车影像,1998.00,产品名称：第1现场 X66主镜头光圈:?F2.0品牌:?第1现场型号:?X66套餐:?官方标配?套餐一?套餐二?套餐三?套餐四?套餐五安装类型:?后视镜影像分辨率:?1440P拍照像素:?1200万摄像像素:?300万画面视角:?360°运行内存:?1GB镜头数量:?双镜头颜色分类:?黑色?浅灰色屏幕尺寸:?5英寸功能:?夜视加强?夜视补光?循环录像?微光夜视加强?画面畸形修正?移动侦测?倒车影像?停车监控?碰撞感应?前后录像?前后双镜头,https://detail.tmall.com/item.htm?id=563474950249
103,560477140398,大众迈腾帕萨特朗逸途昂途观途锐CC宝来隐藏式原厂专用行车记录仪,880.00 - 1980.00,产品名称：科敏 A4主镜头光圈:?F2.0品牌:?科敏型号:?A4套餐:?官方标配?套餐一?套餐二?套餐三?套餐四?套餐五安装类型:?专车专用影像分辨率:?1080p拍照像素:?1200万摄像像素:?1200万画面视角:?170°运行内存:?1GB镜头数量:?双镜头颜色分类:?黑色屏幕尺寸:?不带屏幕功能:?夜视加强?夜视补光?循环录像?微信查车，智能声控，微信接人，违章查询，FM发射，?微光夜视加强?移动侦测?GPS定位?WIFI?停车监控?前车碰撞预警?前车起步提醒?前车车距侦测?固定测速?开灯提醒?流动测速?疲劳驾驶提醒?短视频分享?碰撞感应?前后录像?前后双镜头,https://detail.tmall.com/item.htm?id=560477140398
104,570581295352,纬度新款行车记录仪流媒体双镜头高清夜视全景24小时监控带电子狗,998.00 - 2518.00,"产品名称：纬度 A5主镜头光圈:?F2.0品牌:?纬度型号:?A5套餐:?官方标配?套餐一?套餐二?套餐三?套餐四?套餐五?套餐六?套餐七?套餐八安装类型:?后视镜影像分辨率:?1080p拍照像素:?1800万摄像像素:?1800万画面视角:?170°运行内存:?2GB镜头数量:?双镜头颜色分类:?黑色屏幕尺寸:?9.88英寸功能:?夜视加强?夜视补光?循环录像?微信查车，智能声控，微信接人，违章查询，FM发射，?微光夜视加强?画面畸形修正?GPS定位?GPS导航?WIFI?上网?倒车影像?停车监控?前车碰撞预警?前车起步提醒?前车车距侦测?变道辅助?固定测速?流动测速?短视频分享?碰撞感应?蓝牙?行人防撞预警?轨道偏移预警?限速标志提醒?消除错误码?前后录像?前后双镜头?智能声控,微信接人,FM发射",https://detail.tmall.com/item.htm?id=570581295352
105,547153070197,大众帕萨特朗逸速腾迈腾凌渡途观l专用隐藏式行车记录仪高清夜视,876.00 - 1476.00,产品名称：ROSOTO/瑞世泰 A29主镜头光圈:?F2.0品牌:?ROSOTO/瑞世泰型号:?A29套餐:?官方标配?套餐一?套餐二?套餐三?套餐四?套餐五安装类型:?专车专用影像分辨率:?1080p拍照像素:?1200万摄像像素:?200万画面视角:?170°运行内存:?1GB镜头数量:?双镜头颜色分类:?黑色屏幕尺寸:?不带屏幕功能:?循环录像?WIFI?停车监控?碰撞感应?前后录像,https://detail.tmall.com/item.htm?id=547153070197
106,530740518223,360行车记录仪高清夜视24小时停车监控1080P广角隐藏式行车记录仪,509.10 - 909.10,产品名称：360 J501C主镜头光圈:?F2.2品牌:?360型号:?J501C套餐:?官方标配?套餐一?套餐二?套餐三?套餐四?套餐五?套餐六?套餐七?套餐八安装类型:?迷你机影像分辨率:?1080p拍照像素:?200万摄像像素:?300万画面视角:?140°运行内存:?无镜头数量:?单镜头颜色分类:?黑色屏幕尺寸:?2.0英寸功能:?夜视加强?循环录像?微光夜视加强?画面畸形修正?移动侦测?WIFI?停车监控?短视频分享?碰撞感应,https://detail.tmall.com/item.htm?id=530740518223
107,569589053930,品加新款行车记录仪高清夜视双镜头全景导航电子狗一体24小时监控,998.00 - 2318.00,"产品名称：品加 T7主镜头光圈:?F2.0品牌:?品加型号:?t7套餐:?官方标配?套餐一?套餐二?套餐三?套餐四?套餐五?套餐六?套餐七?套餐八安装类型:?后视镜影像分辨率:?1080p拍照像素:?1800万摄像像素:?1800万画面视角:?170°运行内存:?2GB镜头数量:?双镜头颜色分类:?黑色屏幕尺寸:?9.88英寸功能:?夜视加强?夜视补光?循环录像?微信查车，智能声控，微信接人，违章查询，FM发射，?微光夜视加强?画面畸形修正?移动侦测?GPS定位?GPS导航?WIFI?上网?倒车影像?停车监控?前车碰撞预警?前车起步提醒?前车车距侦测?变道辅助?固定测速?短视频分享?碰撞感应?蓝牙?轨道偏移预警?限速标志提醒?车牌水印?前后录像?前后双镜头?智能声控,微信接人,FM发射",https://detail.tmall.com/item.htm?id=569589053930
108,530240389459,新款凌度行车记录仪双镜头高清夜视全景测速电子狗一体倒车影像,1199.00,产品名称：凌度 HS980B主镜头光圈:?F2.0品牌:?凌度型号:?HS980B套餐:?官方标配?套餐一?套餐二?套餐三?套餐四?套餐五安装类型:?后视镜影像分辨率:?1080p拍照像素:?1600万摄像像素:?500万画面视角:?170°运行内存:?1GB镜头数量:?双镜头颜色分类:?黑色屏幕尺寸:?7英寸功能:?夜视加强?夜视补光?循环录像?微光夜视加强?倒车影像?停车监控?固定测速?车牌水印?前后录像?前后双镜头,https://detail.tmall.com/item.htm?id=530240389459
109,560719801867,凌洋新款汽车载行车记录仪单双镜头高清全景夜视带倒车影像一体机,356.00 - 556.00,产品名称：凌洋 H700主镜头光圈:?F2.0品牌:?凌洋型号:?H700套餐:?官方标配?套餐一?套餐二?套餐三?套餐四?套餐五?套餐六?套餐七安装类型:?迷你机影像分辨率:?1080p拍照像素:?300万摄像像素:?300万画面视角:?170°运行内存:?1GB镜头数量:?双镜头颜色分类:?黑色屏幕尺寸:?4.0英寸功能:?夜视加强?夜视补光?循环录像?画面畸形修正?移动侦测?倒车影像?停车监控?碰撞感应?前后录像?前后双镜头,https://detail.tmall.com/item.htm?id=560719801867
110,554871690861,飞利浦隐藏式行车记录仪高清夜视24小时停车监控1080P单镜头新款,798.00 - 998.00,产品名称：Philips/飞利浦 CVR108/...主镜头光圈:?F2.0品牌:?Philips/飞利浦型号:?CVR108/93套餐:?官方标配?套餐二?套餐三?套餐四?套餐五?套餐六?套餐七?套餐八安装类型:?迷你机影像分辨率:?1080p拍照像素:?1000万摄像像素:?100万画面视角:?130°运行内存:?512MB镜头数量:?单镜头颜色分类:?灰黑色屏幕尺寸:?1英寸功能:?夜视加强?循环录像?移动侦测?停车监控?碰撞感应,https://detail.tmall.com/item.htm?id=554871690861
111,528809269590,奥迪A4L/Q5/Q7Q3/A3A8A6L专车专用高清隐藏式行车记录仪高清夜视,1888.00,产品名称：ROSOTO/瑞世泰 RS2主镜头光圈:?F2.0品牌:?ROSOTO/瑞世泰型号:?RS2套餐:?官方标配?套餐一?套餐二?套餐三?套餐四?套餐五安装类型:?迷你机影像分辨率:?1080p拍照像素:?1200万摄像像素:?200万画面视角:?170°运行内存:?1GB镜头数量:?单镜头颜色分类:?浅灰色?黑色屏幕尺寸:?不带屏幕功能:?循环录像?移动侦测?WIFI?停车监控?碰撞感应,https://detail.tmall.com/item.htm?id=528809269590
112,566480559815,乐驾?汽车流媒体行车记录仪双镜头高清夜视360度全景24小时监控,598.00 - 1498.00,产品名称：ROGA/乐驾 C800主镜头光圈:?F1.8品牌:?ROGA/乐驾型号:?C800套餐:?官方标配?套餐一?套餐二?套餐三?套餐四?套餐五?套餐六?套餐七?套餐八安装类型:?后视镜影像分辨率:?1080p拍照像素:?200万摄像像素:?200万画面视角:?170°运行内存:?1GB镜头数量:?双镜头颜色分类:?黑色屏幕尺寸:?8英寸功能:?夜视加强?循环录像?微信查车，智能声控，微信接人，违章查询，FM发射，?GPS定位?GPS导航?WIFI?上网?倒车影像?停车监控?前车车距侦测?固定测速?蓝牙?轨道偏移预警?前后录像?前后双镜头,https://detail.tmall.com/item.htm?id=566480559815
113,572810999763,hp新款云镜后视镜行车记录仪双镜头高清夜视全景24小时监控S760M,2199.00,"产品名称：HP/惠普 S760m主镜头光圈:?F2.4品牌:?HP/惠普型号:?S760m套餐:?官方标配?套餐一?套餐二?套餐三安装类型:?后视镜影像分辨率:?1080p拍照像素:?500万摄像像素:?500万画面视角:?170°运行内存:?1GB镜头数量:?双镜头颜色分类:?黑色屏幕尺寸:?6.86英寸功能:?夜视加强?夜视补光?循环录像?微信查车，智能声控，微信接人，违章查询，FM发射，?微光夜视加强?画面畸形修正?移动侦测?GPS定位?GPS导航?WIFI?上网?倒车影像?停车监控?固定测速?短视频分享?碰撞感应?蓝牙?前后录像?前后双镜头?智能声控,微信接人,FM发射",https://detail.tmall.com/item.htm?id=572810999763
114,544052231534,奥迪A4LA3A6LA8Q5Q3Q7原厂专用隐藏式行车记录仪双镜头高清,2200.00,产品名称：SHEN ZHOU TAI TAN SZTT-...主镜头光圈:?F1.8品牌:?SHEN ZHOU TAI TAN型号:?SZTT-JLY-AUDI-01套餐:?官方标配?套餐一?套餐二?套餐三安装类型:?专车专用影像分辨率:?1080p拍照像素:?200万摄像像素:?200万画面视角:?146°运行内存:?2GB镜头数量:?单镜头颜色分类:?米黄色?黑色?浅灰色屏幕尺寸:?不带屏幕功能:?循环录像?画面畸形修正?移动侦测?WIFI?停车监控?碰撞感应?前后双镜头,https://detail.tmall.com/item.htm?id=544052231534
115,528658505179,大众原厂迈腾帕萨特高尔夫7专用隐藏式行车记录仪双镜头高清全景,1368.00 - 1958.00,产品名称：靓知渝 dv700主镜头光圈:?F2.0品牌:?靓知渝型号:?DV700套餐:?官方标配?套餐一?套餐二?套餐三?套餐四?套餐五安装类型:?专车专用影像分辨率:?1080p拍照像素:?1200万摄像像素:?200万画面视角:?170°运行内存:?1GB镜头数量:?单镜头颜色分类:?黑色屏幕尺寸:?不带屏幕功能:?循环录像?GPS定位?WIFI?停车监控?固定测速?短视频分享?碰撞感应?前后双镜头,https://detail.tmall.com/item.htm?id=528658505179
116,568881566763,新款TCL行车记录仪双镜头高清夜视全景24小时监控无线电子狗一体,658.00 - 1278.00,产品名称：TCL XC801主镜头光圈:?F2.0品牌:?TCL型号:?xc801套餐:?官方标配?套餐一?套餐二?套餐三?套餐四?套餐五?套餐六?套餐七?套餐八安装类型:?后视镜影像分辨率:?1296P拍照像素:?800万摄像像素:?200万画面视角:?148°运行内存:?4GB镜头数量:?双镜头颜色分类:?黑色屏幕尺寸:?4.5英寸功能:?夜视加强?循环录像?微光夜视加强?移动侦测?倒车影像?停车监控?前车碰撞预警?前车车距侦测?变道辅助?固定测速?流动测速?短视频分享?碰撞感应?轨道偏移预警?限速标志提醒?前后录像?前后双镜头,https://detail.tmall.com/item.htm?id=568881566763
117,562613877319,360行车记录仪g300p高清夜视24小时监控汽车无线车载电子狗一体机,698.00 - 938.00,产品名称：360 G300主镜头光圈:?F2.2品牌:?360型号:?G300套餐:?官方标配?套餐一?套餐二?套餐三?套餐四?套餐五?套餐六?套餐七安装类型:?迷你机影像分辨率:?1080p拍照像素:?200万摄像像素:?200万画面视角:?140°运行内存:?无镜头数量:?单镜头颜色分类:?黑屏幕尺寸:?2.0英寸功能:?夜视加强?循环录像?画面畸形修正?GPS定位?WIFI?停车监控?固定测速?疲劳驾驶提醒?短视频分享?碰撞感应?限速标志提醒,https://detail.tmall.com/item.htm?id=562613877319
118,570714613231,?新款行车记录仪双镜头高清夜视带倒车影像一体360度全景汽车导航,998.00 - 2318.00,"产品名称：Phisung/菲星 HD-K05主镜头光圈:?F2.0品牌:?Phisung/菲星型号:?HD-K05套餐:?官方标配?套餐一?套餐二?套餐三?套餐四?套餐五?套餐六?套餐七?套餐八安装类型:?后视镜影像分辨率:?1080p拍照像素:?1200万摄像像素:?1200万画面视角:?170°运行内存:?1GB镜头数量:?双镜头颜色分类:?黑色屏幕尺寸:?10英寸功能:?夜视加强?夜视补光?循环录像?微信查车，智能声控，微信接人，违章查询，FM发射，?微光夜视加强?画面畸形修正?移动侦测?GPS定位?GPS导航?WIFI?上网?倒车影像?停车监控?前车碰撞预警?前车起步提醒?前车车距侦测?变道辅助?固定测速?短视频分享?碰撞感应?蓝牙?行人防撞预警?轨道偏移预警?前后录像?前后双镜头?智能声控,微信接人,FM发射",https://detail.tmall.com/item.htm?id=570714613231
119,570104212261,行车记录仪双镜头高清夜视倒车影像电子狗测速一体机停车监控全景,96.00 - 556.00,产品名称：好奇号 G800主镜头光圈:?F2.0品牌:?好奇号型号:?G800套餐:?官方标配?套餐一?套餐二?套餐三?套餐四?套餐五?套餐六?套餐七?套餐八安装类型:?迷你机影像分辨率:?1080p拍照像素:?1800万摄像像素:?1800万画面视角:?170°运行内存:?2GB镜头数量:?双镜头颜色分类:?黑色屏幕尺寸:?4.3英寸功能:?夜视加强?夜视补光?循环录像?微光夜视加强?画面畸形修正?移动侦测?GPS定位?倒车影像?停车监控?固定测速?流动测速?前后录像?前后双镜头,https://detail.tmall.com/item.htm?id=570104212261
120,573504926858,凌度新款汽车载行车记录仪单双镜头高清夜视360度全景24小时监控,418.00 - 1238.00,"产品名称：凌度 HS995主镜头光圈:?F2.0品牌:?凌度型号:?HS995套餐:?官方标配?套餐一?套餐二安装类型:?后视镜影像分辨率:?1080p拍照像素:?1800万及以上摄像像素:?500万画面视角:?170°运行内存:?4GB镜头数量:?双镜头颜色分类:?黑色屏幕尺寸:?8英寸功能:?夜视加强?夜视补光?循环录像?微信查车，智能声控，微信接人，违章查询，FM发射，?微光夜视加强?画面畸形修正?移动侦测?GPS定位?GPS导航?WIFI?上网?倒车影像?停车监控?固定测速?碰撞感应?车牌水印?前后录像?前后双镜头?智能声控,微信接人,FM发射",https://detail.tmall.com/item.htm?id=573504926858
121,566627903722,海康威视汽车车载行车记录仪绿灯提醒前车起步高清夜视24小时监控,599.00 - 859.00,产品名称：HIKVISION/海康威视 AE-...主镜头光圈:?F2.0品牌:?HIKVISION/海康威视型号:?AE-DN2016-F1/Pro套餐:?官方标配?套餐一?套餐二?套餐三?套餐四?套餐五?套餐六?套餐七安装类型:?便携式吸盘影像分辨率:?1080p拍照像素:?200万摄像像素:?200万画面视角:?135°运行内存:?2GB镜头数量:?单镜头颜色分类:?黑色屏幕尺寸:?不带屏幕功能:?循环录像?微光夜视加强?GPS定位?WIFI?停车监控?前车起步提醒?短视频分享?碰撞感应?蓝牙?限速标志提醒,https://detail.tmall.com/item.htm?id=566627903722
122,557302431483,远程监控24小时无线行车记录仪双镜头高清夜视全景360度车载车内,2799.00,产品名称：禹华通 YZ08黑主镜头光圈:?F2.0品牌:?禹华通型号:?YZ08黑套餐:?官方标配?套餐一?套餐二?套餐三安装类型:?迷你机影像分辨率:?1080p拍照像素:?300万摄像像素:?300万画面视角:?140°运行内存:?1GB镜头数量:?双镜头颜色分类:?黑色屏幕尺寸:?不带屏幕功能:?夜视加强?循环录像?画面畸形修正?GPS定位?GPS导航?WIFI?停车监控,https://detail.tmall.com/item.htm?id=557302431483
123,524632010727,别克昂科威英朗君越君威威朗GL8专用隐藏式行车记录仪高清夜视,1999.00 - 2499.00,产品名称：ROSOTO/瑞世泰 RS300主镜头光圈:?F2.0品牌:?ROSOTO/瑞世泰型号:?RS300套餐:?官方标配?套餐一?套餐二?套餐三?套餐四?套餐五安装类型:?专车专用影像分辨率:?1080p拍照像素:?1200万摄像像素:?200万画面视角:?170°运行内存:?1GB镜头数量:?单镜头颜色分类:?黑色屏幕尺寸:?不带屏幕功能:?循环录像?移动侦测?WIFI,https://detail.tmall.com/item.htm?id=524632010727
124,542969739867,小蚁行车记录仪高清夜视1296Pwifi智能广角摄像首发版双口车充,299.00 - 387.00,产品名称：yi YCS.1016.CN主镜头光圈:?F1.8品牌:?yi型号:?YCS.1016.CN套餐:?官方标配?套餐一?套餐二?套餐三安装类型:?迷你机影像分辨率:?1296P拍照像素:?300万摄像像素:?300万画面视角:?165°运行内存:?无镜头数量:?单镜头颜色分类:?首发版屏幕尺寸:?2.7英寸功能:?循环录像,https://detail.tmall.com/item.htm?id=542969739867
125,565270820730,凌度行车记录仪一体机后视镜流媒体10寸全触屏高清夜视导航电子狗,1199.00 - 2799.00,"产品名称：凌度 HS780A主镜头光圈:?F1.6品牌:?凌度型号:?HS780A套餐:?官方标配?套餐一?套餐二?套餐三?套餐四?套餐五?套餐六?套餐七安装类型:?后视镜影像分辨率:?1080p拍照像素:?1200万摄像像素:?1600万画面视角:?170°运行内存:?2GB镜头数量:?双镜头颜色分类:?黑色屏幕尺寸:?9.36英寸功能:?循环录像?微信查车，智能声控，微信接人，违章查询，FM发射，?GPS定位?GPS导航?倒车影像?前车碰撞预警?固定测速?碰撞感应?蓝牙?轨道偏移预警?前后录像?前后双镜头?智能声控,微信接人,FM发射",https://detail.tmall.com/item.htm?id=565270820730
126,568713228093,任e行汽车行车记录仪双镜头高清夜视24小时监控360度全景新款车载,899.00 - 1199.00,产品名称：任E行 p28主镜头光圈:?F2.4品牌:?任E行型号:?P28套餐:?官方标配?套餐一?套餐二?套餐三?套餐四?套餐五?套餐六?套餐七?套餐八安装类型:?迷你机影像分辨率:?1080p拍照像素:?1400万摄像像素:?500万画面视角:?170°运行内存:?1.5GB镜头数量:?双镜头颜色分类:?黑色屏幕尺寸:?2.7英寸功能:?夜视加强?夜视补光?循环录像?微光夜视加强?画面畸形修正?移动侦测?WIFI?停车监控?前车碰撞预警?碰撞感应?轨道偏移预警?车牌水印?前后录像,https://detail.tmall.com/item.htm?id=568713228093
127,542924509113,大众凌渡速腾朗逸宝来途观迈腾高尔夫CC专用隐藏式高清行车记录仪,1897.00,产品名称：歌立方 A6主镜头光圈:?F2.0品牌:?歌立方型号:?A6套餐:?官方标配?套餐一?套餐二?套餐三?套餐四?套餐五安装类型:?专车专用影像分辨率:?1080p拍照像素:?1200万摄像像素:?200万画面视角:?170°运行内存:?1GB镜头数量:?单镜头颜色分类:?黑色屏幕尺寸:?不带屏幕功能:?循环录像?微信查车，智能声控，微信接人，违章查询，FM发射，?WIFI?停车监控?固定测速?碰撞感应?限速标志提醒?前后录像?前后双镜头,https://detail.tmall.com/item.htm?id=542924509113
128,568043337027,凌度?新款汽车行车记录仪单双镜头流媒体高清夜视全景24小时监控,2999.00,"产品名称：凌度 HS780主镜头光圈:?F1.6品牌:?凌度型号:?HS780套餐:?官方标配?套餐一?套餐二?套餐三?套餐四?套餐五?套餐六?套餐七安装类型:?后视镜影像分辨率:?1296P拍照像素:?1600万摄像像素:?1600万画面视角:?170°运行内存:?2GB镜头数量:?双镜头颜色分类:?黑色屏幕尺寸:?10英寸功能:?夜视加强?夜视补光?循环录像?微信查车，智能声控，微信接人，违章查询，FM发射，?微光夜视加强?画面畸形修正?移动侦测?GPS定位?GPS导航?WIFI?上网?倒车影像?停车监控?前车碰撞预警?前车起步提醒?前车车距侦测?变道辅助?固定测速?流动测速?疲劳驾驶提醒?短视频分享?碰撞感应?蓝牙?行人防撞预警?轨道偏移预警?限速标志提醒?消除错误码?车牌水印?前后录像?前后双镜头?智能声控,微信接人,FM发射",https://detail.tmall.com/item.htm?id=568043337027
129,573240432304,凌度行车记录仪双镜头高清夜视360度全景汽车导航倒车影像一体机,418.00 - 1238.00,"产品名称：凌度 HS995主镜头光圈:?F2.0品牌:?凌度型号:?HS995套餐:?官方标配?套餐一?套餐二安装类型:?后视镜影像分辨率:?1080p拍照像素:?1800万及以上摄像像素:?500万画面视角:?170°运行内存:?4GB镜头数量:?双镜头颜色分类:?黑色屏幕尺寸:?8英寸功能:?夜视加强?夜视补光?循环录像?微信查车，智能声控，微信接人，违章查询，FM发射，?微光夜视加强?移动侦测?GPS定位?GPS导航?WIFI?上网?倒车影像?停车监控?前车车距侦测?变道辅助?固定测速?疲劳驾驶提醒?碰撞感应?轨道偏移预警?限速标志提醒?前后录像?前后双镜头?智能声控,微信接人,FM发射",https://detail.tmall.com/item.htm?id=573240432304
130,546331589147,本田雅阁冠道crv杰德xrv思域缤智凌派飞度专用隐藏式行车记录仪,876.00 - 1888.00,产品名称：ROSOTO/瑞世泰 A12主镜头光圈:?F2.0品牌:?ROSOTO/瑞世泰型号:?A12套餐:?官方标配?套餐一?套餐二?套餐三?套餐四?套餐五安装类型:?专车专用影像分辨率:?1080p拍照像素:?1200万摄像像素:?200万画面视角:?170°运行内存:?1GB镜头数量:?单镜头颜色分类:?黑色屏幕尺寸:?不带屏幕功能:?循环录像?WIFI?停车监控?碰撞感应?前后录像,https://detail.tmall.com/item.htm?id=546331589147
131,565918386796,中恒新款汽车载24小时监控行车记录仪双镜头高清夜视全景倒车影像,338.00 - 1796.00,"产品名称：DEC/中恒 SG820主镜头光圈:?F2.0品牌:?DEC/中恒型号:?SG820套餐:?官方标配?套餐一?套餐二?套餐三?套餐四?套餐五?套餐六?套餐七?套餐八安装类型:?后视镜影像分辨率:?1080p拍照像素:?200万摄像像素:?1600万画面视角:?170°运行内存:?1GB镜头数量:?双镜头颜色分类:?黑色屏幕尺寸:?8英寸功能:?夜视加强?循环录像?WIFI?上网?倒车影像?停车监控?固定测速?蓝牙?轨道偏移预警?前后双镜头?智能声控,微信接人,FM发射",https://detail.tmall.com/item.htm?id=565918386796
132,565725573909,丁威特中控台式行车记录仪双镜头高清夜视导航电子狗倒车影像全景,899.00 - 1499.00,"产品名称：丁威特 U11主镜头光圈:?F2.0品牌:?丁威特型号:?U11套餐:?官方标配?套餐一?套餐二?套餐三?套餐四?套餐五?套餐六?套餐七?套餐八安装类型:?中控式影像分辨率:?1080p拍照像素:?1300万摄像像素:?800万画面视角:?170°运行内存:?1GB镜头数量:?双镜头颜色分类:?黑色屏幕尺寸:?7英寸功能:?循环录像?微信查车，智能声控，微信接人，违章查询，FM发射，?移动侦测?GPS定位?GPS导航?WIFI?上网?倒车影像?停车监控?固定测速?蓝牙?前后录像?前后双镜头?智能声控,微信接人,FM发射",https://detail.tmall.com/item.htm?id=565725573909
133,560341242455,?别克昂科威英朗君越君威昂科拉GL8威朗隐藏式行车记录仪高清夜,598.00 - 1599.00,产品名称：科瑞尔 K2-24主镜头光圈:?F2.0品牌:?科瑞尔型号:?K2-24套餐:?官方标配?套餐一?套餐二?套餐三?套餐四?套餐五?套餐六安装类型:?专车专用影像分辨率:?1080p拍照像素:?1300万摄像像素:?1300万画面视角:?170°运行内存:?2GB镜头数量:?双镜头颜色分类:?黑色屏幕尺寸:?不带屏幕功能:?循环录像?WIFI?碰撞感应?前后录像?前后双镜头,https://detail.tmall.com/item.htm?id=560341242455
134,568602364229,第一现场后视镜行车记录仪高清夜视双镜头导航测速电子狗倒车影像,598.00 - 1498.00,产品名称：第1现场 t7主镜头光圈:?F2.0品牌:?第1现场型号:?t7套餐:?官方标配?套餐一?套餐二?套餐三?套餐四?套餐五?套餐六?套餐七安装类型:?后视镜影像分辨率:?1080p拍照像素:?1200万摄像像素:?300万画面视角:?170°运行内存:?1GB镜头数量:?双镜头颜色分类:?黑色屏幕尺寸:?7英寸功能:?循环录像?移动侦测?倒车影像?停车监控?固定测速?碰撞感应?车牌水印?前后录像?前后双镜头,https://detail.tmall.com/item.htm?id=568602364229
135,565500423514,新款行车记录仪双镜头电子狗测速24小时监控高清夜视全景倒车影像,398.00 - 578.00,产品名称：趣苑 H803主镜头光圈:?F2.0品牌:?趣苑型号:?H803套餐:?官方标配?套餐一?套餐二?套餐三?套餐四?套餐五?套餐六?套餐七?套餐八安装类型:?后视镜影像分辨率:?1080p拍照像素:?1200万摄像像素:?1200万画面视角:?170°运行内存:?1GB镜头数量:?双镜头颜色分类:?黑色屏幕尺寸:?4.3英寸功能:?夜视加强?夜视补光?循环录像?微光夜视加强?画面畸形修正?移动侦测?GPS定位?GPS导航?倒车影像?停车监控?前车碰撞预警?变道辅助?固定测速?流动测速?短视频分享?碰撞感应?行人防撞预警?轨道偏移预警?限速标志提醒?消除错误码?前后录像?前后双镜头,https://detail.tmall.com/item.htm?id=565500423514
136,573030003966,康帕斯新款流媒体后视镜行车记录仪双镜头高清夜视全景24小时监控,589.00 - 889.00,产品名称：康帕斯 V9主镜头光圈:?F1.8品牌:?康帕斯型号:?V9套餐:?官方标配?套餐一?套餐二?套餐三?套餐四?套餐五?套餐六?套餐七安装类型:?后视镜影像分辨率:?1080p拍照像素:?1200万摄像像素:?500万画面视角:?170°运行内存:?2GB镜头数量:?双镜头颜色分类:?银色屏幕尺寸:?9.36英寸功能:?夜视加强?循环录像?倒车影像?停车监控?前后录像?前后双镜头,https://detail.tmall.com/item.htm?id=573030003966
137,573655791343,hp惠普行车记录仪双镜头高清夜视24小时监控倒车影像f860,1699.00 - 2399.00,产品名称：HP/惠普 F860主镜头光圈:?F1.8品牌:?HP/惠普型号:?F860套餐:?官方标配?套餐一?套餐二?套餐三?套餐四?套餐五?套餐六?套餐七安装类型:?迷你机影像分辨率:?1080p拍照像素:?200万摄像像素:?200万画面视角:?155°运行内存:?1GB镜头数量:?双镜头颜色分类:?黑色屏幕尺寸:?3.0英寸功能:?夜视加强?夜视补光?循环录像?移动侦测?倒车影像?停车监控?前车车距侦测?疲劳驾驶提醒?碰撞感应?轨道偏移预警?前后录像?前后双镜头,https://detail.tmall.com/item.htm?id=573655791343
138,556617275539,宝马3系5系7系x1x3x5x6mini隐藏式专用行车记录仪高清夜视双镜头,1888.00,产品名称：ROSOTO/瑞世泰 A33主镜头光圈:?F2.0品牌:?ROSOTO/瑞世泰型号:?A33套餐:?官方标配?套餐一?套餐二?套餐三?套餐四?套餐五安装类型:?专车专用影像分辨率:?1080p拍照像素:?1200万摄像像素:?200万画面视角:?170°运行内存:?1GB镜头数量:?单镜头颜色分类:?黑色屏幕尺寸:?不带屏幕功能:?循环录像?移动侦测?WIFI?停车监控?碰撞感应,https://detail.tmall.com/item.htm?id=556617275539
139,528195091758,福特新福克斯福睿斯蒙迪欧翼博翼虎锐界专用隐藏式行车记录仪高清,1999.00,产品名称：ROSOTO/瑞世泰 RS5主镜头光圈:?F2.0品牌:?ROSOTO/瑞世泰型号:?RS5套餐:?官方标配?套餐一?套餐二?套餐三?套餐四?套餐五安装类型:?专车专用影像分辨率:?1080p拍照像素:?1200万摄像像素:?200万画面视角:?170°运行内存:?1GB镜头数量:?单镜头颜色分类:?黑色屏幕尺寸:?不带屏幕功能:?循环录像?WIFI?停车监控?碰撞感应?前后录像,https://detail.tmall.com/item.htm?id=528195091758
140,573243767236,纽硕新款行车记录仪双镜头高清全景360度倒车影像24小时监控夜视,249.00 - 709.00,产品名称：NS/纽硕 T81主镜头光圈:?F2.0品牌:?NS/纽硕型号:?T81套餐:?官方标配?套餐一?套餐二?套餐三?套餐四?套餐五?套餐六?套餐七?套餐八安装类型:?后视镜影像分辨率:?1080p拍照像素:?500万摄像像素:?500万画面视角:?170°运行内存:?1GB镜头数量:?双镜头颜色分类:?金色屏幕尺寸:?4.3英寸功能:?夜视补光?循环录像?倒车影像?前后录像?前后双镜头,https://detail.tmall.com/item.htm?id=573243767236
141,557494109569,?日产天籁轩逸逍客奇骏骐达蓝鸟阳光专用隐藏式行车记录仪双镜头,598.00 - 1599.00,产品名称：科瑞尔 K2-08主镜头光圈:?F2.0品牌:?科瑞尔型号:?K2-08套餐:?官方标配?套餐一?套餐二?套餐三?套餐四?套餐五?套餐六安装类型:?专车专用影像分辨率:?1080p拍照像素:?1300摄像像素:?1300万画面视角:?170°运行内存:?2GB镜头数量:?双镜头颜色分类:?黑色屏幕尺寸:?不带屏幕功能:?循环录像?前后录像?前后双镜头,https://detail.tmall.com/item.htm?id=557494109569
142,573169663853,飞利浦汽车载隐藏式行车记录仪高清夜视24小时停车监控单镜头新款,998.00 - 1238.00,产品名称：Philips/飞利浦 CVR200/...主镜头光圈:?F2.0品牌:?Philips/飞利浦型号:?CVR200/93套餐:?官方标配?套餐一?套餐二?套餐三安装类型:?迷你机影像分辨率:?1080p拍照像素:?1200万摄像像素:?500万画面视角:?95°运行内存:?512MB镜头数量:?单镜头颜色分类:?黑色屏幕尺寸:?1.5英寸功能:?夜视加强?循环录像?画面畸形修正?移动侦测?WIFI?停车监控?短视频分享?碰撞感应,https://detail.tmall.com/item.htm?id=573169663853
143,566530281271,新款凌度隐藏式行车记录仪双镜头高清夜视汽车载24小时监控电子狗,1298.00 - 1528.00,产品名称：凌度 A305主镜头光圈:?F1.8品牌:?凌度型号:?a305套餐:?官方标配?套餐一?套餐二?套餐三?套餐四?套餐五?套餐六?套餐七?套餐八安装类型:?迷你机影像分辨率:?1080p拍照像素:?1600万摄像像素:?600万以上画面视角:?170°运行内存:?2GB镜头数量:?双镜头颜色分类:?黑色屏幕尺寸:?2.45英寸功能:?夜视加强?循环录像?微信查车，智能声控，微信接人，违章查询，FM发射，?微光夜视加强?移动侦测?GPS定位?WIFI?倒车影像?停车监控?变道辅助?固定测速?流动测速?碰撞感应?车牌水印?前后录像?前后双镜头,https://detail.tmall.com/item.htm?id=566530281271
144,569791376131,宝马3系5系7系x1x3x5x6mini行车记录仪专用高清夜视双镜头隐藏式,556.00 - 1816.00,产品名称：FEMONDA M7主镜头光圈:?F2.0品牌:?FEMONDA型号:?M7套餐:?官方标配?套餐一?套餐二?套餐三?套餐四?套餐五安装类型:?专车专用影像分辨率:?1080p拍照像素:?1200万摄像像素:?500万画面视角:?170°运行内存:?2GB镜头数量:?双镜头颜色分类:?黑色屏幕尺寸:?不带屏幕功能:?夜视加强?循环录像?微信查车，智能声控，微信接人，违章查询，FM发射，?微光夜视加强?移动侦测?WIFI?倒车影像?停车监控?固定测速?流动测速?短视频分享?碰撞感应?前后录像?前后双镜头,https://detail.tmall.com/item.htm?id=569791376131
145,572509750754,汽车盲区行车记录仪双镜头高清夜视24小时监控全景倒车影像一体机,478.00 - 1198.00,"产品名称：AIWALOT A69主镜头光圈:?F2.0品牌:?AIWALOT型号:?A69套餐:?官方标配?套餐一?套餐二?套餐三?套餐四?套餐五?套餐六?套餐七?套餐八安装类型:?后视镜影像分辨率:?1080p拍照像素:?1200万摄像像素:?200万画面视角:?150°运行内存:?1GB镜头数量:?双镜头颜色分类:?黑色屏幕尺寸:?7英寸功能:?夜视加强?夜视补光?循环录像?微信查车，智能声控，微信接人，违章查询，FM发射，?微光夜视加强?画面畸形修正?移动侦测?GPS定位?GPS导航?WIFI?上网?倒车影像?停车监控?变道辅助?固定测速?开灯提醒?碰撞感应?蓝牙?轨道偏移预警?限速标志提醒?车牌水印?前后录像?前后双镜头?智能声控,微信接人,FM发射",https://detail.tmall.com/item.htm?id=572509750754
146,573621469979,惠普车载迷你行车记录仪单镜头高清夜视24小时监控循环录像f558,1999.00 - 2399.00,产品名称：HP/惠普 F558主镜头光圈:?F1.8品牌:?HP/惠普型号:?F558套餐:?官方标配?套餐一?套餐二?套餐三?套餐四安装类型:?迷你机影像分辨率:?1440P拍照像素:?400万摄像像素:?500万画面视角:?156°运行内存:?无镜头数量:?单镜头颜色分类:?黑色屏幕尺寸:?2.3英寸功能:?夜视加强?循环录像?微光夜视加强?画面畸形修正?移动侦测?停车监控?前车车距侦测?碰撞感应?轨道偏移预警,https://detail.tmall.com/item.htm?id=573621469979
147,561012560910,凌度中控台式行车记录仪双镜头导航高清夜视电子狗测速全景一体机,1329.00 - 1899.00,产品名称：凌度 A818S主镜头光圈:?F2.2品牌:?凌度型号:?A818S套餐:?官方标配?套餐一?套餐二?套餐三?套餐四?套餐五?套餐六?套餐七?套餐八安装类型:?中控式影像分辨率:?1080p拍照像素:?1800万及以上摄像像素:?1200万画面视角:?170°运行内存:?1GB镜头数量:?双镜头颜色分类:?黑色屏幕尺寸:?7英寸功能:?夜视加强?夜视补光?循环录像?微信查车，智能声控，微信接人，违章查询，FM发射，?移动侦测?GPS导航?WIFI?倒车影像?停车监控?前车碰撞预警?前车车距侦测?变道辅助?固定测速?碰撞感应?蓝牙?轨道偏移预警?限速标志提醒?前后录像?前后双镜头,https://detail.tmall.com/item.htm?id=561012560910
148,548125275628,本田行车记录仪雅阁crvxrv十代思域飞度缤智凌派冠道专用隐藏式,598.00 - 1180.00,产品名称：知路 M9-本田主镜头光圈:?F2.0品牌:?知路型号:?M9-本田套餐:?官方标配?套餐一?套餐二?套餐三?套餐四安装类型:?专车专用影像分辨率:?1080p拍照像素:?200万摄像像素:?200万画面视角:?170°运行内存:?1GB镜头数量:?双镜头颜色分类:?黑色屏幕尺寸:?不带屏幕功能:?循环录像?移动侦测?WIFI?停车监控?固定测速?流动测速?碰撞感应?前后录像?前后双镜头,https://detail.tmall.com/item.htm?id=548125275628
149,556877405443,新款行车记录仪高清夜视24小时监控汽车载倒车影像测速电子狗一体,1280.00,产品名称：VOSONIC V15pro主镜头光圈:?F2.2品牌:?VOSONIC型号:?V15pro套餐:?官方标配?套餐一?套餐二?套餐三?套餐四安装类型:?后视镜影像分辨率:?1080p拍照像素:?1200万摄像像素:?500万画面视角:?148°运行内存:?2GB镜头数量:?双镜头颜色分类:?金色屏幕尺寸:?4.3英寸功能:?夜视加强?循环录像?画面畸形修正?移动侦测?GPS定位?倒车影像?停车监控?固定测速?流动测速?碰撞感应?限速标志提醒?前后录像,https://detail.tmall.com/item.htm?id=556877405443
150,546346972850,日产轩逸天籁新逍客骐达奇骏专用行车记录仪高清夜视隐藏式,876.00 - 1476.00,产品名称：ROSOTO/瑞世泰 A15主镜头光圈:?F2.0品牌:?ROSOTO/瑞世泰型号:?A15套餐:?官方标配?套餐一?套餐二?套餐三?套餐四?套餐五安装类型:?专车专用影像分辨率:?1080p拍照像素:?1200万摄像像素:?200万画面视角:?170°运行内存:?1GB镜头数量:?单镜头颜色分类:?黑色屏幕尺寸:?不带屏幕功能:?循环录像?WIFI?停车监控?碰撞感应?前后录像,https://detail.tmall.com/item.htm?id=546346972850
151,562198061897,吉利博越长城魏派WEYvv7vv5领克01usb原厂专用隐藏式行车记录仪,1999.00,产品名称：安知行 V9主镜头光圈:?F2.0品牌:?安知行型号:?V9套餐:?官方标配?套餐一?套餐二?套餐三?套餐四?套餐五安装类型:?专车专用影像分辨率:?1080p拍照像素:?1200万摄像像素:?200万画面视角:?170°运行内存:?1GB镜头数量:?单镜头颜色分类:?黑色屏幕尺寸:?不带屏幕功能:?循环录像?WIFI?停车监控?碰撞感应,https://detail.tmall.com/item.htm?id=562198061897
152,567149040994,凌度行车记录仪双镜头高清全景夜视24小时监控倒车影像导航电子狗,638.00 - 1478.00,"产品名称：凌度 HS920主镜头光圈:?F1.8品牌:?凌度型号:?HS920套餐:?官方标配?套餐一?套餐二?套餐三?套餐四?套餐五?套餐六?套餐七?套餐八安装类型:?后视镜影像分辨率:?1296P拍照像素:?1600万摄像像素:?500万画面视角:?170°运行内存:?2GB镜头数量:?双镜头颜色分类:?白色屏幕尺寸:?8英寸功能:?夜视加强?夜视补光?循环录像?微信查车，智能声控，微信接人，违章查询，FM发射，?画面畸形修正?移动侦测?GPS定位?GPS导航?WIFI?上网?倒车影像?停车监控?前车碰撞预警?前车车距侦测?变道辅助?固定测速?开灯提醒?流动测速?碰撞感应?蓝牙?前后录像?前后双镜头?智能声控,微信接人,FM发射",https://detail.tmall.com/item.htm?id=567149040994
153,545212422729,后视镜导航行车记录仪带电子狗测速双镜头高清夜视倒车影像一体机,518.00 - 2398.00,产品名称：纳莱科斯 高明H9主镜头光圈:?F2.0品牌:?纳莱科斯型号:?高明H9套餐:?官方标配?套餐一?套餐二?套餐三?套餐四?套餐五?套餐六?套餐七?套餐八安装类型:?后视镜影像分辨率:?1080p拍照像素:?500万摄像像素:?1200万画面视角:?170°运行内存:?1GB镜头数量:?双镜头颜色分类:?黑色?胎压黑屏幕尺寸:?7英寸功能:?夜视加强?夜视补光?循环录像?微信查车，智能声控，微信接人，违章查询，FM发射，?微光夜视加强?画面畸形修正?移动侦测?GPS定位?GPS导航?WIFI?上网?倒车影像?停车监控?固定测速?流动测速?短视频分享?碰撞感应?胎压监测?蓝牙?限速标志提醒?前后录像,https://detail.tmall.com/item.htm?id=545212422729
154,546380841919,丰田卡罗拉雷凌凯美瑞皇冠RAV4汉兰达普拉多专用隐藏式行车记录仪,876.00 - 1476.00,产品名称：ROSOTO/瑞世泰 A28主镜头光圈:?F2.0品牌:?ROSOTO/瑞世泰型号:?A28套餐:?官方标配?套餐一?套餐二?套餐三?套餐四?套餐五安装类型:?专车专用影像分辨率:?1080p拍照像素:?1200万摄像像素:?200万画面视角:?170°运行内存:?1GB镜头数量:?单镜头颜色分类:?黑色屏幕尺寸:?不带屏幕功能:?循环录像?WIFI?停车监控?碰撞感应?前后录像,https://detail.tmall.com/item.htm?id=546380841919
155,568293241988,途美新款行车记录仪双镜头高清夜视?倒车影像24小时监控360度全景,518.00 - 818.00,产品名称：Tour Mate/途美 V60主镜头光圈:?F2.0品牌:?Tour Mate/途美型号:?V60套餐:?官方标配?套餐一?套餐二?套餐三?套餐四安装类型:?后视镜影像分辨率:?1080p拍照像素:?1200万摄像像素:?800万画面视角:?170°运行内存:?无镜头数量:?双镜头颜色分类:?黑色屏幕尺寸:?5英寸功能:?循环录像?移动侦测?GPS定位?倒车影像?停车监控?固定测速?流动测速?碰撞感应?前后录像?前后双镜头,https://detail.tmall.com/item.htm?id=568293241988
156,570440015771,摩卡伦行车记录仪单双镜头高清夜视新款无线24小时停车监控全景,498.00 - 1166.00,产品名称：摩卡伦 S300主镜头光圈:?F2.0品牌:?摩卡伦型号:?S300套餐:?官方标配?套餐一?套餐二?套餐三?套餐四?套餐五?套餐六安装类型:?迷你机影像分辨率:?1080p拍照像素:?1200万摄像像素:?1200万画面视角:?170°运行内存:?2GB镜头数量:?双镜头颜色分类:?黑色屏幕尺寸:?不带屏幕功能:?夜视加强?循环录像?微信查车，智能声控，微信接人，违章查询，FM发射，?微光夜视加强?画面畸形修正?GPS定位?WIFI?上网?倒车影像?停车监控?前车碰撞预警?固定测速?流动测速?短视频分享?碰撞感应?轨道偏移预警?限速标志提醒?前后录像?前后双镜头,https://detail.tmall.com/item.htm?id=570440015771
157,572291371019,凌度?新款行车记录仪双镜头高清夜视汽车全景导航倒车影像一体机,1999.00,产品名称：凌度 HS990H主镜头光圈:?F2.0品牌:?凌度型号:?HS990H套餐:?官方标配?套餐一?套餐二?套餐三?套餐四?套餐五?套餐六?套餐七?套餐八安装类型:?后视镜影像分辨率:?1080p拍照像素:?1600万摄像像素:?500万画面视角:?170°运行内存:?2GB镜头数量:?双镜头颜色分类:?银色屏幕尺寸:?5英寸功能:?夜视加强?夜视补光?循环录像?移动侦测?GPS定位?GPS导航?上网?倒车影像?停车监控?前车起步提醒?前车车距侦测?固定测速?流动测速?蓝牙?前后录像?前后双镜头,https://detail.tmall.com/item.htm?id=572291371019
158,558237855555,?大众帕萨特朗逸速腾迈腾凌渡途观l专用隐藏式行车记录仪高清夜,598.00 - 1599.00,产品名称：科瑞尔 K2-14主镜头光圈:?F2.0品牌:?科瑞尔型号:?k2-14套餐:?官方标配?套餐一?套餐二?套餐三?套餐四?套餐五?套餐六安装类型:?专车专用影像分辨率:?1080p拍照像素:?1300万摄像像素:?1300万画面视角:?170°运行内存:?2GB镜头数量:?双镜头颜色分类:?黑色屏幕尺寸:?不带屏幕功能:?循环录像?前后录像?前后双镜头,https://detail.tmall.com/item.htm?id=558237855555
159,562351509973,丁威特新款汽车行车记录仪双镜头高清夜视全景导航倒车影像一体机,899.00 - 1599.00,"产品名称：丁威特 M1主镜头光圈:?F2.0品牌:?丁威特型号:?M1套餐:?官方标配?套餐一?套餐二?套餐三?套餐四?套餐五?套餐六?套餐七?套餐八安装类型:?后视镜影像分辨率:?1080p拍照像素:?800万摄像像素:?800万画面视角:?170°运行内存:?1GB镜头数量:?双镜头颜色分类:?黑色屏幕尺寸:?7英寸功能:?夜视加强?夜视补光?循环录像?微信查车，智能声控，微信接人，违章查询，FM发射，?微光夜视加强?移动侦测?GPS定位?GPS导航?WIFI?上网?倒车影像?停车监控?固定测速?流动测速?碰撞感应?蓝牙?前后录像?前后双镜头?智能声控,微信接人,FM发射",https://detail.tmall.com/item.htm?id=562351509973
160,559870145936,本田思域crv冠道xrv雅阁飞度隐藏式专用行车记录仪双镜头高清全景,2200.00,产品名称：神州泰坦 SZTT-BT主镜头光圈:?F1.8品牌:?神州泰坦型号:?SZTT-BT套餐:?官方标配?套餐一?套餐二?套餐三?套餐四安装类型:?专车专用影像分辨率:?1080p拍照像素:?200万摄像像素:?200万画面视角:?146°运行内存:?2GB镜头数量:?单镜头颜色分类:?黑色?深灰色屏幕尺寸:?不带屏幕功能:?夜视加强?循环录像?画面畸形修正?移动侦测?WIFI?停车监控?碰撞感应?前后录像?前后双镜头,https://detail.tmall.com/item.htm?id=559870145936
161,569776761988,大众帕萨特朗逸速腾迈腾凌渡途观行车记录仪专用高清夜视隐藏式,516.00 - 1776.00,产品名称：FEMONDA M4主镜头光圈:?F2.0品牌:?FEMONDA型号:?M4套餐:?官方标配?套餐一?套餐二?套餐三?套餐四?套餐五安装类型:?专车专用影像分辨率:?1080p拍照像素:?1200万摄像像素:?500万画面视角:?170°运行内存:?2GB镜头数量:?双镜头颜色分类:?黑色屏幕尺寸:?不带屏幕功能:?夜视加强?循环录像?微信查车，智能声控，微信接人，违章查询，FM发射，?微光夜视加强?移动侦测?WIFI?倒车影像?停车监控?固定测速?流动测速?短视频分享?碰撞感应?前后录像?前后双镜头,https://detail.tmall.com/item.htm?id=569776761988
162,557524208771,汽车载行车记录仪双镜头高清夜视全景倒车影像带电子狗测速一体机,578.00 - 768.00,产品名称：趣苑 H805主镜头光圈:?F2.0品牌:?趣苑型号:?H805套餐:?官方标配?套餐一?套餐二?套餐三?套餐四?套餐五?套餐六安装类型:?后视镜影像分辨率:?1080p拍照像素:?1200万摄像像素:?1200万画面视角:?170°运行内存:?1GB镜头数量:?双镜头颜色分类:?黑色屏幕尺寸:?7英寸功能:?夜视加强?夜视补光?循环录像?微光夜视加强?画面畸形修正?移动侦测?GPS定位?GPS导航?WIFI?倒车影像?停车监控?前车碰撞预警?变道辅助?固定测速?流动测速?短视频分享?碰撞感应?轨道偏移预警?限速标志提醒?手势感应拍照?消除错误码?车牌水印?前后录像?前后双镜头,https://detail.tmall.com/item.htm?id=557524208771
163,572348126513,福特翼虎福睿斯福克斯锐界蒙迪欧高清专用隐藏式行车记录仪双镜头,1180.00 - 1690.00,产品名称：GOU/任我游 UC10主镜头光圈:?F2.0品牌:?GOU/任我游型号:?UC10套餐:?套餐一?套餐二?套餐三?套餐四?套餐五?套餐六?套餐七?套餐八安装类型:?专车专用影像分辨率:?1080p拍照像素:?1200万摄像像素:?1200万画面视角:?170°运行内存:?1GB镜头数量:?单镜头颜色分类:?黑色屏幕尺寸:?不带屏幕功能:?夜视加强?移动侦测?停车监控?固定测速?前后录像?前后双镜头,https://detail.tmall.com/item.htm?id=572348126513
164,545471128146,包黑子中控台式大货车行车记录仪24v高清夜视导航倒车影像一体机,698.00 - 1358.00,产品名称：包黑子 BH976主镜头光圈:?F2.0品牌:?包黑子型号:?BH976套餐:?官方标配?套餐一?套餐二?套餐三?套餐四?套餐五?套餐六安装类型:?中控式影像分辨率:?1080p拍照像素:?1200万摄像像素:?600万画面视角:?170°运行内存:?1GB镜头数量:?双镜头颜色分类:?黑色屏幕尺寸:?7英寸功能:?循环录像?GPS定位?GPS导航?WIFI?上网?碰撞感应,https://detail.tmall.com/item.htm?id=545471128146
165,567866197399,现代新款汽车行车记录仪双镜头高清夜视全景导航测速电子狗一体机,500.00 - 900.00,"产品名称：HYUNDAI/现代 F8主镜头光圈:?F2.0品牌:?HYUNDAI/现代型号:?F8套餐:?官方标配?套餐一?套餐二?套餐三?套餐四?套餐五?套餐六?套餐七安装类型:?后视镜影像分辨率:?1080p拍照像素:?1200万摄像像素:?200万画面视角:?150°运行内存:?1GB镜头数量:?双镜头颜色分类:?黑色屏幕尺寸:?7英寸功能:?夜视加强?夜视补光?循环录像?微信查车，智能声控，微信接人，违章查询，FM发射，?微光夜视加强?画面畸形修正?移动侦测?GPS导航?WIFI?上网?倒车影像?停车监控?前车碰撞预警?固定测速?碰撞感应?前后录像?前后双镜头?智能声控,微信接人,FM发射",https://detail.tmall.com/item.htm?id=567866197399
166,570587461902,丰田卡罗拉汉兰达rav4荣放雷凌威驰18款八代凯美瑞行车记录仪专用,999.00 - 1189.00,产品名称：光明星 丰田专车专用主镜头光圈:?F1.6品牌:?光明星型号:?丰田专车专用套餐:?官方标配?套餐一?套餐二?套餐三?套餐四?套餐五安装类型:?专车专用影像分辨率:?1296P拍照像素:?200万摄像像素:?200万画面视角:?170°运行内存:?4GB镜头数量:?双镜头颜色分类:?黑色屏幕尺寸:?不带屏幕功能:?夜视加强?循环录像?WIFI?停车监控?碰撞感应?车牌水印?前后录像?前后双镜头,https://detail.tmall.com/item.htm?id=570587461902
167,568090861827,盯盯拍miniONE新款行车记录仪高清夜视24小时停车监控无线记录仪,499.00 - 599.00,产品名称：盯盯拍 MINI ONE主镜头光圈:?F2.2品牌:?盯盯拍型号:?MINI ONE套餐:?官方标配?套餐一安装类型:?迷你影像分辨率:?1080p拍照像素:?200万摄像像素:?200万画面视角:?140°运行内存:?128MB镜头数量:?单镜头颜色分类:?星辰黑?曜石黑屏幕尺寸:?不带屏幕功能:?夜视加强?循环录像?WIFI?停车监控?短视频分享?碰撞感应,https://detail.tmall.com/item.htm?id=568090861827
168,521497128861,PAPAGO趴趴狗新款行车记录仪GoSafe560WiFi索尼高清夜视1440P,999.00,产品名称：PAPAGO！ Gosafe 560主镜头光圈:?F1.6品牌:?PAPAGO！型号:?Gosafe 560套餐:?官方标配?套餐一?套餐二?套餐三?套餐四?套餐五?套餐六?套餐七安装类型:?迷你机影像分辨率:?1440P拍照像素:?1200万摄像像素:?400万画面视角:?155°运行内存:?2GB镜头数量:?单镜头颜色分类:?黑色屏幕尺寸:?2.0英寸功能:?夜视加强?循环录像?微光夜视加强?移动侦测?WIFI?停车监控?前车起步提醒?开灯提醒?疲劳驾驶提醒?碰撞感应,https://detail.tmall.com/item.htm?id=521497128861
169,547668154873,大众原厂速腾帕萨特高尔夫7专用隐藏式行车记录仪双镜头高清全景,2200.00,产品名称：神州泰坦 SZTT-JLY-DZ主镜头光圈:?F1.8品牌:?神州泰坦型号:?SZTT-JLY-DZ套餐:?官方标配?套餐一?套餐二?套餐三?套餐四安装类型:?专车专用影像分辨率:?1080p拍照像素:?200万摄像像素:?200万画面视角:?146°运行内存:?2GB镜头数量:?双镜头颜色分类:?浅灰色?深灰色屏幕尺寸:?不带屏幕功能:?夜视加强?循环录像?画面畸形修正?移动侦测?WIFI?停车监控?碰撞感应?前后录像?前后双镜头,https://detail.tmall.com/item.htm?id=547668154873
170,548456372759,宝马x1系x3系x4x5x67系原厂专用隐藏式高清夜视行车记录仪双镜头,1888.00,产品名称：歌立方 R7主镜头光圈:?F2.0品牌:?歌立方型号:?R7套餐:?官方标配?套餐一?套餐二?套餐三?套餐四?套餐五安装类型:?专车专用影像分辨率:?1080p拍照像素:?1200万摄像像素:?200万画面视角:?170°运行内存:?1GB镜头数量:?单镜头颜色分类:?黑色屏幕尺寸:?不带屏幕功能:?循环录像?微信查车，智能声控，微信接人，违章查询，FM发射，?GPS定位?WIFI?停车监控?固定测速?碰撞感应?前后双镜头,https://detail.tmall.com/item.htm?id=548456372759
171,569200669540,凌度汽车行车记录仪高清夜视24小时监控单镜头车载测速电子狗一体,456.00 - 1118.00,产品名称：凌度 F12主镜头光圈:?F1.8品牌:?凌度型号:?F12套餐:?官方标配?套餐一?套餐二?套餐三?套餐四?套餐五?套餐六?套餐七?套餐八安装类型:?迷你机影像分辨率:?1080p拍照像素:?1800万及以上摄像像素:?1600万画面视角:?170°运行内存:?1GB镜头数量:?单镜头颜色分类:?白色屏幕尺寸:?3.0英寸功能:?夜视加强?夜视补光?循环录像?微光夜视加强?画面畸形修正?移动侦测?停车监控?前车碰撞预警?固定测速?流动测速?碰撞感应?轨道偏移预警?限速标志提醒?车牌水印?前后录像?前后双镜头,https://detail.tmall.com/item.htm?id=569200669540
172,562291952311,360行车记录仪g300g300p高清夜视新款车载汽车电子狗24小时监控,399.00 - 749.00,产品名称：360 G300主镜头光圈:?F2.2品牌:?360型号:?G300套餐:?官方标配?套餐一?套餐二?套餐三?套餐四?套餐五?套餐六?套餐七安装类型:?迷你机影像分辨率:?1080p拍照像素:?200万摄像像素:?200万画面视角:?140°运行内存:?无镜头数量:?单镜头颜色分类:?黑屏幕尺寸:?2.0英寸功能:?夜视补光?循环录像?GPS定位?WIFI?停车监控?固定测速,https://detail.tmall.com/item.htm?id=562291952311
173,574044499786,包黑子行车记录仪双镜头高清夜视全景汽车载24小时监控电子狗一体,596.00 - 1376.00,"产品名称：包黑子 BH983主镜头光圈:?F2.0品牌:?包黑子型号:?BH983套餐:?官方标配?套餐一?套餐二?套餐三?套餐四?套餐五?套餐六?套餐七?套餐八安装类型:?后视镜影像分辨率:?1080p拍照像素:?1200万摄像像素:?1200万画面视角:?170°运行内存:?1GB镜头数量:?双镜头颜色分类:?黑色屏幕尺寸:?7英寸功能:?夜视加强?循环录像?微信查车，智能声控，微信接人，违章查询，FM发射，?GPS定位?GPS导航?WIFI?上网?倒车影像?停车监控?固定测速?流动测速?碰撞感应?蓝牙?限速标志提醒?前后录像?前后双镜头?智能声控,微信接人,FM发射",https://detail.tmall.com/item.htm?id=574044499786
174,540178094980,飞利浦新款行车记录仪高清夜视前后双镜头车载全景24小时监控双录,799.00 - 1139.00,产品名称：Philips/飞利浦 CVR800/...主镜头光圈:?F2.0品牌:?Philips/飞利浦型号:?CVR800/93套餐:?官方标配?套餐一?套餐二?套餐三安装类型:?后视镜影像分辨率:?1080p拍照像素:?1200万摄像像素:?500万画面视角:?115°运行内存:?2GB镜头数量:?双镜头颜色分类:?黑色?【前后双镜头】高清夜视【24小时停车监控】屏幕尺寸:?4.3英寸功能:?夜视加强?循环录像?移动侦测?倒车影像?停车监控?碰撞感应?前后录像?前后双镜头,https://detail.tmall.com/item.htm?id=540178094980
175,552556332493,飞利浦新款汽车行车记录仪车载专用迷你隐藏1080P高清夜视ADR620,599.00,产品名称：Philips/飞利浦 ADR620主镜头光圈:?F2.0品牌:?Philips/飞利浦型号:?ADR620套餐:?官方标配?套餐一?套餐二安装类型:?迷你机影像分辨率:?1080p拍照像素:?300万摄像像素:?300万画面视角:?120°运行内存:?64MB镜头数量:?单镜头颜色分类:?黑色屏幕尺寸:?2.0英寸功能:?夜视加强?夜视补光?循环录像?疲劳驾驶提醒,https://detail.tmall.com/item.htm?id=552556332493
176,562644633512,任E行新款双镜头隐藏式行车记录仪高清夜视汽车车载无线360度全景,469.00 - 649.00,产品名称：任E行 Q3主镜头光圈:?F1.9品牌:?任E行型号:?Q3套餐:?官方标配?套餐一?套餐二?套餐三?套餐四?套餐五?套餐六?套餐七安装类型:?迷你机影像分辨率:?1080p拍照像素:?1200万摄像像素:?500万画面视角:?170°运行内存:?1GB镜头数量:?双镜头颜色分类:?黑色屏幕尺寸:?2.3英寸功能:?夜视加强?循环录像?微光夜视加强?GPS定位?倒车影像?停车监控?碰撞感应?前后录像?前后双镜头,https://detail.tmall.com/item.htm?id=562644633512
177,560646800399,沃尔沃S60Lxc60V40v60xc90S90V90专用隐藏式行车记录仪,1999.00,产品名称：安知行 A11主镜头光圈:?F2.0品牌:?安知行型号:?A11套餐:?官方标配?套餐一?套餐二?套餐三?套餐四?套餐五安装类型:?专车专用影像分辨率:?1080p拍照像素:?1200万摄像像素:?200万画面视角:?170°运行内存:?1GB镜头数量:?单镜头颜色分类:?黑色屏幕尺寸:?不带屏幕功能:?循环录像?WIFI?停车监控?碰撞感应,https://detail.tmall.com/item.htm?id=560646800399
178,573023695307,先科原厂宝马行车记录仪1系3系5系7系320li530新X1专用X3隐藏式X5,1399.00 - 1599.00,产品名称：SAST/先科 K6-宝马专车专...主镜头光圈:?F1.4品牌:?SAST/先科型号:?K6-宝马专车专用套餐:?官方标配?套餐一?套餐二?套餐三?套餐四?套餐五安装类型:?专车专用影像分辨率:?1440P拍照像素:?400万摄像像素:?400万画面视角:?170°运行内存:?2GB镜头数量:?双镜头颜色分类:?黑色屏幕尺寸:?不带屏幕功能:?夜视加强?循环录像?WIFI?停车监控?碰撞感应?前后录像?前后双镜头,https://detail.tmall.com/item.htm?id=573023695307
179,560350931524,360行车记录仪二代新款高清夜视美猴王汽车载无线测速电子狗一体,858.00 - 1218.00,产品名称：360 j511C主镜头光圈:?F2.0品牌:?360型号:?j511C套餐:?官方标配?套餐一?套餐二?套餐三?套餐四?套餐五安装类型:?迷你机影像分辨率:?1080p拍照像素:?300万摄像像素:?200万画面视角:?165°运行内存:?无镜头数量:?单镜头颜色分类:?黑色屏幕尺寸:?3.0英寸功能:?夜视加强?循环录像?微光夜视加强?GPS定位?WIFI?停车监控?前车碰撞预警?前车车距侦测?固定测速?短视频分享?碰撞感应?轨道偏移预警?限速标志提醒,https://detail.tmall.com/item.htm?id=560350931524
180,568042641275,任我游行车记录仪全屏流媒体智能云后视镜导航测速一体机4G双镜头,1980.00 - 2080.00,"产品名称：GOU/任我游 AD10主镜头光圈:?F2.0品牌:?GOU/任我游型号:?AD10套餐:?官方标配?套餐一?套餐二安装类型:?后视镜影像分辨率:?1080p拍照像素:?1200万摄像像素:?500万画面视角:?170°运行内存:?1GB镜头数量:?双镜头颜色分类:?黑色屏幕尺寸:?10英寸功能:?夜视加强?循环录像?微信查车，智能声控，微信接人，违章查询，FM发射，?微光夜视加强?画面畸形修正?GPS定位?GPS导航?WIFI?上网?倒车影像?停车监控?前车碰撞预警?前车起步提醒?前车车距侦测?变道辅助?固定测速?短视频分享?碰撞感应?蓝牙?轨道偏移预警?限速标志提醒?前后录像?前后双镜头?智能声控,微信接人,FM发射",https://detail.tmall.com/item.htm?id=568042641275
181,560636730603,奥迪A6LA4LA3A8Q3Q5Q7A5电子狗一体隐藏式专用行车记录仪,1180.00 - 1980.00,产品名称：科敏 A3主镜头光圈:?F2.0品牌:?科敏型号:?A3套餐:?官方标配?套餐一?套餐二?套餐三?套餐四?套餐五安装类型:?专车专用影像分辨率:?1080p拍照像素:?1200万摄像像素:?1200万画面视角:?170°运行内存:?1GB镜头数量:?双镜头颜色分类:?灰色?米色?黑色屏幕尺寸:?不带屏幕功能:?循环录像?微信查车，智能声控，微信接人，违章查询，FM发射，?移动侦测?WIFI?停车监控?前车碰撞预警?前车起步提醒?前车车距侦测?开灯提醒?疲劳驾驶提醒?短视频分享?碰撞感应?前后录像?前后双镜头,https://detail.tmall.com/item.htm?id=560636730603
182,568105026241,新款7寸行车记录仪电子狗测速一体机高清夜视前后双镜头倒车影像,488.00 - 668.00,产品名称：科敏 H806主镜头光圈:?F2.0品牌:?科敏型号:?H806套餐:?官方标配?套餐一?套餐二?套餐三?套餐四?套餐五?套餐六安装类型:?后视镜影像分辨率:?1080p拍照像素:?1200万摄像像素:?1200万画面视角:?170°运行内存:?1GB镜头数量:?双镜头颜色分类:?黑色屏幕尺寸:?7英寸功能:?夜视加强?夜视补光?循环录像?微光夜视加强?画面畸形修正?移动侦测?GPS定位?GPS导航?WIFI?倒车影像?停车监控?前车碰撞预警?固定测速?流动测速?短视频分享?碰撞感应?轨道偏移预警?限速标志提醒?消除错误码?车牌水印?前后录像?前后双镜头,https://detail.tmall.com/item.htm?id=568105026241
183,569724469522,本田雅阁冠道crv杰德xrv思域缤智凌派飞度行车记录仪专用隐藏式,556.00 - 1816.00,产品名称：FEMONDA M3主镜头光圈:?F2.0品牌:?FEMONDA型号:?M3套餐:?官方标配?套餐一?套餐二?套餐三?套餐四?套餐五安装类型:?专车专用影像分辨率:?1080p拍照像素:?1200万摄像像素:?500万画面视角:?170°运行内存:?2GB镜头数量:?双镜头颜色分类:?黑色屏幕尺寸:?不带屏幕功能:?夜视加强?循环录像?微信查车，智能声控，微信接人，违章查询，FM发射，?微光夜视加强?移动侦测?WIFI?倒车影像?停车监控?固定测速?流动测速?短视频分享?碰撞感应?前后录像?前后双镜头,https://detail.tmall.com/item.htm?id=569724469522
184,570644964243,先科行车记录仪双镜头高清夜视360度全景汽车24小时监控倒车影像,399.00 - 629.00,产品名称：SAST/先科 V9主镜头光圈:?F1.8品牌:?SAST/先科型号:?V9套餐:?官方标配?套餐一?套餐二?套餐三?套餐四?套餐五?套餐六?套餐七?套餐八安装类型:?后视镜影像分辨率:?1080p拍照像素:?1200万摄像像素:?1200万画面视角:?170°运行内存:?1GB镜头数量:?双镜头颜色分类:?黑色屏幕尺寸:?6.86英寸功能:?夜视加强?循环录像?微光夜视加强?倒车影像?停车监控?前车碰撞预警?前车车距侦测?变道辅助?流动测速?轨道偏移预警?前后录像?前后双镜头,https://detail.tmall.com/item.htm?id=570644964243
185,572312763512,长城哈弗哈佛H1H2H5H6coupe酷派H7专用隐藏式双镜头行车记录仪,1180.00 - 1700.00,产品名称：GOU/任我游 UC10主镜头光圈:?F2.0品牌:?GOU/任我游型号:?UC10套餐:?官方标配?套餐一?套餐二?套餐三?套餐四?套餐五安装类型:?专车专用影像分辨率:?1080p拍照像素:?1200万摄像像素:?1200万画面视角:?170°运行内存:?1GB镜头数量:?双镜头颜色分类:?黑色屏幕尺寸:?不带屏幕功能:?夜视加强?循环录像?微光夜视加强?移动侦测?固定测速?碰撞感应?前后录像?前后双镜头,https://detail.tmall.com/item.htm?id=572312763512
186,532018392712,吉利博越行车记录仪2018款领克01博瑞18款帝豪gsgl汽车专车专用,999.00 - 1189.00,产品名称：光明星 GMX-6050主镜头光圈:?F1.6品牌:?光明星型号:?GMX-6050套餐:?官方标配?套餐一?套餐二?套餐三?套餐四?套餐五安装类型:?专车专用影像分辨率:?1296P拍照像素:?200万摄像像素:?200万画面视角:?170°运行内存:?4GB镜头数量:?双镜头颜色分类:?黑色屏幕尺寸:?不带屏幕功能:?循环录像?WIFI?停车监控?碰撞感应?车牌水印?前后录像?前后双镜头,https://detail.tmall.com/item.htm?id=532018392712
187,566676754659,小米米家智能后视镜行车记录仪高清倒车影像智能导航,999.00 - 1078.00,"产品名称：MIJIA/米家 智能后视镜主镜头光圈:?F1.8品牌:?MIJIA/米家型号:?智能后视镜套餐:?官方标配?套餐一安装类型:?后视镜影像分辨率:?1080p拍照像素:?200万摄像像素:?200万画面视角:?150°运行内存:?1GB镜头数量:?单镜头颜色分类:?黑色屏幕尺寸:?6.86英寸功能:?夜视加强?循环录像?微光夜视加强?GPS定位?GPS导航?WIFI?上网?倒车影像?前车碰撞预警?前车起步提醒?前车车距侦测?固定测速?碰撞感应?蓝牙?轨道偏移预警?限速标志提醒?前后录像?智能声控,微信接人,FM发射",https://detail.tmall.com/item.htm?id=566676754659
188,569661121656,日产天籁轩逸奇骏逍客骐达专用行车记录仪高清夜视双镜头隐藏式,556.00 - 1816.00,产品名称：FEMONDA M1主镜头光圈:?F2.0品牌:?FEMONDA型号:?M1套餐:?官方标配?套餐一?套餐二?套餐三?套餐四?套餐五安装类型:?专车专用影像分辨率:?1080p拍照像素:?1200万摄像像素:?500万画面视角:?170°运行内存:?2GB镜头数量:?双镜头颜色分类:?黑色屏幕尺寸:?不带屏幕功能:?夜视加强?循环录像?微信查车，智能声控，微信接人，违章查询，FM发射，?微光夜视加强?移动侦测?WIFI?倒车影像?停车监控?固定测速?流动测速?碰撞感应?前后录像?前后双镜头,https://detail.tmall.com/item.htm?id=569661121656
189,565680820027,惠普新款行车记录仪高清夜视24小时停车监控汽车单镜头隐藏式车载,598.00 - 838.00,产品名称：HP/惠普 F270主镜头光圈:?F1.9品牌:?HP/惠普型号:?F270套餐:?官方标配?套餐一?套餐二安装类型:?迷你机影像分辨率:?1080p拍照像素:?500万摄像像素:?100万画面视角:?140°运行内存:?无镜头数量:?单镜头颜色分类:?黑色屏幕尺寸:?2.7英寸功能:?循环录像?停车监控?碰撞感应,https://detail.tmall.com/item.htm?id=565680820027
190,569768918738,任e行行车记录仪双镜头高清夜视24小时监控360度全景汽车新款前后,719.00 - 1099.00,产品名称：任E行 p28主镜头光圈:?F2.4品牌:?任E行型号:?P28套餐:?官方标配?套餐一?套餐二?套餐三?套餐四?套餐五?套餐六?套餐七?套餐八安装类型:?迷你机影像分辨率:?1080p拍照像素:?1200万摄像像素:?500万画面视角:?170°运行内存:?1.5GB镜头数量:?双镜头颜色分类:?黑色屏幕尺寸:?2.7英寸功能:?夜视加强?夜视补光?循环录像?微光夜视加强?画面畸形修正?GPS定位?WIFI?停车监控?前车碰撞预警?碰撞感应?轨道偏移预警?车牌水印?前后录像,https://detail.tmall.com/item.htm?id=569768918738
191,569264693852,任E行新款汽车无线行车记录仪高清夜视24小时监控360度全景双镜头,719.00 - 969.00,产品名称：任E行 V68主镜头光圈:?F2.0品牌:?任E行型号:?V68套餐:?官方标配?套餐一?套餐二?套餐三?套餐四?套餐五?套餐六?套餐七安装类型:?迷你机影像分辨率:?1080p拍照像素:?1200万摄像像素:?200万画面视角:?170°运行内存:?1GB镜头数量:?双镜头颜色分类:?炭黑色屏幕尺寸:?2.0英寸功能:?夜视加强?夜视补光?前后录像?前后双镜头,https://detail.tmall.com/item.htm?id=569264693852
192,548042266820,飞利浦行车记录仪高清夜视停车监控1080P迷你广角隐藏式记录仪,999.00 - 1149.00,产品名称：Philips/飞利浦 CVR208/...主镜头光圈:?F2.0品牌:?Philips/飞利浦型号:?CVR208/93套餐:?官方标配?套餐一?套餐二?套餐三安装类型:?迷你机影像分辨率:?1080p拍照像素:?1200万摄像像素:?500万画面视角:?140°运行内存:?512MB镜头数量:?单镜头颜色分类:?铁灰色?黑色屏幕尺寸:?2.4英寸功能:?循环录像?移动侦测?停车监控?碰撞感应,https://detail.tmall.com/item.htm?id=548042266820
193,546050537847,奔驰专车专用行车记录仪隐藏式e级c级glaglc260e200lc200l高清,876.00 - 1476.00,产品名称：ROSOTO/瑞世泰 A10主镜头光圈:?F2.0品牌:?ROSOTO/瑞世泰型号:?A10套餐:?官方标配?套餐一?套餐二?套餐三?套餐四?套餐五安装类型:?专车专用影像分辨率:?1080p拍照像素:?1200万摄像像素:?200万画面视角:?170°运行内存:?1GB镜头数量:?单镜头颜色分类:?黑色屏幕尺寸:?不带屏幕功能:?循环录像?WIFI?停车监控?碰撞感应,https://detail.tmall.com/item.htm?id=546050537847
194,561030552064,福特行车记录仪隐藏式翼虎锐界新蒙迪欧金牛座福克斯原厂专用高清,598.00 - 1058.00,产品名称：IFOUND F3-70主镜头光圈:?F2.0品牌:?IFOUND型号:?F3-70套餐:?官方标配?套餐一?套餐二?套餐三?套餐四?套餐五?套餐六安装类型:?专车专用影像分辨率:?1080p拍照像素:?1200万摄像像素:?1200万画面视角:?170°运行内存:?2GB镜头数量:?单镜头颜色分类:?黑色屏幕尺寸:?不带屏幕功能:?夜视加强?循环录像?微光夜视加强?画面畸形修正?移动侦测?GPS定位?WIFI?停车监控?固定测速?流动测速?短视频分享?碰撞感应?前后录像?前后双镜头,https://detail.tmall.com/item.htm?id=561030552064
195,562721394211,日产天籁轩逸逍客奇骏骐达蓝鸟阳光专用隐藏式行车记录仪高清夜视,499.00 - 999.00,产品名称：艾松 艾松--日产主镜头光圈:?F1.8品牌:?艾松型号:?艾松--日产套餐:?官方标配?套餐一?套餐二?套餐三?套餐四?套餐五?套餐六?套餐七安装类型:?迷你影像分辨率:?1080p拍照像素:?1200万摄像像素:?1200万画面视角:?170°运行内存:?1GB镜头数量:?双镜头颜色分类:?黑色屏幕尺寸:?不带屏幕功能:?夜视加强?循环录像?画面畸形修正?移动侦测?GPS定位?WIFI?停车监控?固定测速?流动测速?碰撞感应?前后录像?前后双镜头,https://detail.tmall.com/item.htm?id=562721394211
196,569962499193,奥迪Q3Q5Q7A3A4LA8A6LA7行车记录仪专用高清夜视隐藏式,556.00 - 1816.00,产品名称：FEMONDA M5主镜头光圈:?F2.0品牌:?FEMONDA型号:?M5套餐:?官方标配?套餐一?套餐二?套餐三?套餐四?套餐五安装类型:?专车专用影像分辨率:?1080p拍照像素:?1200万摄像像素:?500万画面视角:?170°运行内存:?2GB镜头数量:?双镜头颜色分类:?灰色?黑色屏幕尺寸:?不带屏幕功能:?夜视加强?循环录像?微信查车，智能声控，微信接人，违章查询，FM发射，?微光夜视加强?移动侦测?WIFI?倒车影像?停车监控?固定测速?流动测速?短视频分享?碰撞感应?前后录像?前后双镜头,https://detail.tmall.com/item.htm?id=569962499193
197,544971123531,大众行车记录仪隐藏式朗逸途观L途昂帕萨特迈腾b8高尔夫专用原厂,598.00 - 1158.00,产品名称：IFOUND f3-32主镜头光圈:?F2.0品牌:?IFOUND型号:?f3-32套餐:?官方标配?套餐一?套餐二?套餐三?套餐四?套餐五?套餐六安装类型:?专车专用影像分辨率:?1080p拍照像素:?1200万摄像像素:?1200万画面视角:?170°运行内存:?2GB镜头数量:?单镜头颜色分类:?灰色?黑色屏幕尺寸:?不带屏幕功能:?夜视加强?循环录像?画面畸形修正?移动侦测?WIFI?停车监控?固定测速?流动测速?碰撞感应?前后录像?前后双镜头,https://detail.tmall.com/item.htm?id=544971123531
198,526250547917,宝马x1系X3系x5系7系x6原厂专用隐藏式行车记录仪双镜头高清全景,1368.00 - 1958.00,产品名称：靓知渝 DV170主镜头光圈:?F2.0品牌:?靓知渝型号:?dv170套餐:?官方标配?套餐一?套餐二?套餐三?套餐四?套餐五安装类型:?专车专用影像分辨率:?1080p拍照像素:?1200万摄像像素:?200万画面视角:?170°运行内存:?1GB镜头数量:?单镜头颜色分类:?黑色屏幕尺寸:?不带屏幕功能:?循环录像?GPS定位?WIFI?停车监控?固定测速?短视频分享?碰撞感应?前后双镜头,https://detail.tmall.com/item.htm?id=526250547917
199,554910458043,马自达专用行车记录仪CX-4/3/5/6昂克赛拉阿特兹隐藏式高清夜视,1999.00,产品名称：ROSOTO/瑞世泰 T33主镜头光圈:?F2.0品牌:?ROSOTO/瑞世泰型号:?T33套餐:?官方标配?套餐一?套餐二?套餐三?套餐四?套餐五安装类型:?专车专用影像分辨率:?1080p拍照像素:?1200万摄像像素:?200万画面视角:?170°运行内存:?1GB镜头数量:?单镜头颜色分类:?黑色屏幕尺寸:?不带屏幕功能:?循环录像?WIFI?停车监控?前后录像,https://detail.tmall.com/item.htm?id=554910458043
200,557432790242,360行车记录仪双镜头高清倒车影像新款智能汽车云后视镜导航S600,1999.00 - 2299.00,"产品名称：360 S600主镜头光圈:?F2.0品牌:?360型号:?S600套餐:?官方标配?套餐一?套餐二?套餐三?套餐四安装类型:?后视镜影像分辨率:?1080p拍照像素:?200万摄像像素:?200万画面视角:?140°运行内存:?1GB镜头数量:?双镜头颜色分类:?黑色屏幕尺寸:?6.86英寸功能:?夜视加强?夜视补光?循环录像?微光夜视加强?画面畸形修正?GPS定位?GPS导航?WIFI?上网?倒车影像?停车监控?固定测速?疲劳驾驶提醒?短视频分享?碰撞感应?蓝牙?限速标志提醒?前后录像?前后双镜头?智能声控,微信接人,FM发射",https://detail.tmall.com/item.htm?id=557432790242
201,569300206874,新款凌度行车记录仪双镜头高清夜视全景测速电子狗24监控倒车影像,1199.00,产品名称：凌度 HS980B主镜头光圈:?F2.0品牌:?凌度型号:?HS980B套餐:?官方标配?套餐一?套餐二?套餐三?套餐四?套餐五?套餐六?套餐七?套餐八安装类型:?后视镜影像分辨率:?1080p拍照像素:?1600万摄像像素:?500万画面视角:?170°运行内存:?2GB镜头数量:?双镜头颜色分类:?黑色屏幕尺寸:?7英寸功能:?夜视加强?夜视补光?循环录像?微光夜视加强?移动侦测?倒车影像?停车监控?固定测速?流动测速?碰撞感应?前后录像?前后双镜头,https://detail.tmall.com/item.htm?id=569300206874
202,572717704700,新款凌度行车记录仪980双镜头高清全景车载监控测速电子狗一体机,398.00 - 728.00,产品名称：凌度 HS980C主镜头光圈:?F2.0品牌:?凌度型号:?HS980C套餐:?官方标配?套餐一?套餐二?套餐三?套餐四?套餐五?套餐六?套餐七?套餐八安装类型:?后视镜影像分辨率:?1080p拍照像素:?1600万摄像像素:?300万画面视角:?170°运行内存:?1GB镜头数量:?双镜头颜色分类:?黑色屏幕尺寸:?7英寸功能:?夜视加强?循环录像?微光夜视加强?倒车影像?前后录像?前后双镜头,https://detail.tmall.com/item.htm?id=572717704700
203,555078077406,丰田卡罗拉威驰RAV4荣放凯美瑞汉兰达雷凌专用隐藏式行车记录仪,598.00 - 1416.00,产品名称：科瑞尔 K2-01主镜头光圈:?F2.0品牌:?科瑞尔型号:?K2-01套餐:?官方标配?套餐一?套餐二?套餐三?套餐四?套餐五?套餐六安装类型:?专车专用影像分辨率:?1080p拍照像素:?200万摄像像素:?200万画面视角:?170°运行内存:?1GB镜头数量:?双镜头颜色分类:?黑色屏幕尺寸:?不带屏幕功能:?循环录像?停车监控?碰撞感应?前后录像?前后双镜头,https://detail.tmall.com/item.htm?id=555078077406
204,570475343333,新款吉弘行车记录仪高清夜视双镜头全景汽车导航测速电子狗一体机,1100.00 - 1400.00,"产品名称：吉弘 C803主镜头光圈:?F2.0品牌:?吉弘型号:?C803套餐:?官方标配?套餐一?套餐二?套餐三?套餐四?套餐五?套餐六?套餐七?套餐八安装类型:?后视镜影像分辨率:?1080p拍照像素:?1400万摄像像素:?500万画面视角:?140°运行内存:?1GB镜头数量:?双镜头颜色分类:?灰色屏幕尺寸:?7英寸功能:?夜视加强?夜视补光?循环录像?微信查车，智能声控，微信接人，违章查询，FM发射，?移动侦测?GPS定位?GPS导航?WIFI?上网?倒车影像?停车监控?前车碰撞预警?固定测速?流动测速?碰撞感应?蓝牙?限速标志提醒?前后录像?前后双镜头?智能声控,微信接人,FM发射",https://detail.tmall.com/item.htm?id=570475343333
205,552176400107,包黑子行车车记录仪双镜头高清夜视360度全景24小时监控倒车影像,998.00 - 1600.00,"产品名称：包黑子 X700主镜头光圈:?F2.0品牌:?包黑子型号:?X700套餐:?官方标配?套餐一?套餐二?套餐三?套餐四?套餐五?套餐六?套餐七?套餐八安装类型:?后视镜影像分辨率:?1080p拍照像素:?1200万摄像像素:?800万画面视角:?170°运行内存:?1GB镜头数量:?双镜头颜色分类:?黑色屏幕尺寸:?7英寸功能:?夜视加强?循环录像?微信查车，智能声控，微信接人，违章查询，FM发射，?GPS定位?GPS导航?WIFI?上网?倒车影像?停车监控?前车碰撞预警?前车车距侦测?固定测速?流动测速?碰撞感应?蓝牙?轨道偏移预警?前后双镜头?智能声控,微信接人,FM发射",https://detail.tmall.com/item.htm?id=552176400107
206,536317987884,DOD行车记录仪高清夜视迷你广角1080P便携隐藏式汽车停车监控DC1,799.00,产品名称：DOD DC1主镜头光圈:?F1.6品牌:?DOD型号:?DC1套餐:?官方标配?套餐一?套餐二?套餐三安装类型:?迷你机影像分辨率:?1080p拍照像素:?1200万摄像像素:?500万画面视角:?140°运行内存:?1GB镜头数量:?单镜头颜色分类:?黑色屏幕尺寸:?2.0英寸功能:?循环录像?移动侦测?停车监控?碰撞感应,https://detail.tmall.com/item.htm?id=536317987884
207,555783431604,长城哈弗哈佛H2H5H7H8H9H6酷派WEYVV5VV7专用隐藏式行车记录仪,1999.00,产品名称：ROSOTO/瑞世泰 A100主镜头光圈:?F2.0品牌:?ROSOTO/瑞世泰型号:?A100套餐:?官方标配?套餐一?套餐二?套餐三?套餐四?套餐五安装类型:?专车专用影像分辨率:?1080p拍照像素:?1200万摄像像素:?200万画面视角:?170°运行内存:?1GB镜头数量:?单镜头颜色分类:?黑色屏幕尺寸:?不带屏幕功能:?循环录像?移动侦测?WIFI?停车监控?碰撞感应,https://detail.tmall.com/item.htm?id=555783431604
208,539140592209,飞利浦行车记录仪1440p超高清夜视大广角迷你隐藏停车监控adr720,1999.00,产品名称：Philips/飞利浦 ADR720主镜头光圈:?F1.8品牌:?Philips/飞利浦型号:?ADR720套餐:?套餐一?套餐二?套餐三?套餐四?套餐五安装类型:?迷你机影像分辨率:?1440P拍照像素:?400万摄像像素:?400万画面视角:?140°运行内存:?128MB镜头数量:?单镜头颜色分类:?黑色屏幕尺寸:?2.0英寸功能:?夜视加强?循环录像?疲劳驾驶提醒?碰撞感应,https://detail.tmall.com/item.htm?id=539140592209
209,556562853911,DWABC隐藏式行车记录仪高清夜视1080P手机wifi互联监控迷你隐形,678.00 - 1316.00,产品名称：DWABC V900B主镜头光圈:?F2.0品牌:?DWABC型号:?V900B套餐:?官方标配?套餐一?套餐二?套餐三?套餐四?套餐五?套餐六安装类型:?专车专用影像分辨率:?1080p拍照像素:?1200万摄像像素:?1200万画面视角:?170°运行内存:?2GB镜头数量:?单镜头颜色分类:?黑色屏幕尺寸:?不带屏幕功能:?夜视加强?循环录像?移动侦测?WIFI?停车监控?固定测速?碰撞感应,https://detail.tmall.com/item.htm?id=556562853911
210,40643137502,凌洋汽车载后视镜新款行车记录仪单双镜头高清夜视带电子狗一体机,136.00 - 630.00,主镜头光圈:?F2.0品牌:?凌洋型号:?H650套餐:?官方标配?套餐一?套餐二?套餐三安装类型:?后视镜影像分辨率:?1080p拍照像素:?500万摄像像素:?200万画面视角:?140°运行内存:?无镜头数量:?双镜头颜色分类:?单镜头720p标清版【H650】?单镜头1080P高清版【H650】?单镜头电子狗一体机高清版【H650】?双镜头1080P高清版【H650】?双镜头电子狗一体机高清版【H650】屏幕尺寸:?4.3英寸功能:?夜视加强?循环录像?画面畸形修正?移动侦测?倒车影像?停车监控?固定测速?碰撞感应?前后录像?前后双镜头,https://detail.tmall.com/item.htm?id=40643137502
211,563182852061,福特新蒙迪欧福克斯福睿斯翼虎锐界专用行车记录仪双镜头高清全景,2200.00,产品名称：神州泰坦 SAD-05主镜头光圈:?F1.8品牌:?神州泰坦型号:?SAD-05套餐:?官方标配?套餐一?套餐二?套餐三?套餐四安装类型:?专车专用影像分辨率:?1080p拍照像素:?200万摄像像素:?200万画面视角:?146°运行内存:?2GB镜头数量:?双镜头颜色分类:?黑色?深灰色屏幕尺寸:?不带屏幕功能:?夜视加强?循环录像?画面畸形修正?移动侦测?WIFI?停车监控?碰撞感应?前后录像?前后双镜头,https://detail.tmall.com/item.htm?id=563182852061
212,528636435423,别克昂科威英朗威朗君越君威专用隐藏式行车记录仪双镜头高清全景,1368.00 - 1958.00,产品名称：靓知渝 DV1117主镜头光圈:?F2.0品牌:?靓知渝型号:?DV1117套餐:?官方标配?套餐一?套餐二?套餐三?套餐四?套餐五安装类型:?专车专用影像分辨率:?1080p拍照像素:?1200万摄像像素:?200万画面视角:?170°运行内存:?1GB镜头数量:?单镜头颜色分类:?黑色屏幕尺寸:?不带屏幕功能:?循环录像?GPS定位?WIFI?停车监控?固定测速?短视频分享?碰撞感应?前后双镜头,https://detail.tmall.com/item.htm?id=528636435423
213,561956263750,本田专用思域雅阁CRV杰德XRV缤智竞瑞锋范奥德赛隐藏式行车记录仪,1980.00,产品名称：科敏 Q3主镜头光圈:?F2.0品牌:?科敏型号:?Q3套餐:?官方标配?套餐一?套餐二?套餐三?套餐四?套餐五安装类型:?专车专用影像分辨率:?1080p拍照像素:?1200万摄像像素:?1200万画面视角:?170°运行内存:?1GB镜头数量:?双镜头颜色分类:?黑色屏幕尺寸:?不带屏幕功能:?夜视加强?循环录像?微信查车，智能声控，微信接人，违章查询，FM发射，?微光夜视加强?移动侦测?WIFI?停车监控?前车碰撞预警?前车起步提醒?前车车距侦测?开灯提醒?疲劳驾驶提醒?短视频分享?碰撞感应?前后录像?前后双镜头,https://detail.tmall.com/item.htm?id=561956263750
214,574075325874,70迈行车记录仪智能后视镜双镜头高清夜视倒车影像停车监控,2499.00,"产品名称：70迈 Midrive M02主镜头光圈:?F2.2品牌:?70迈型号:?Midrive M02套餐:?官方标配安装类型:?后视镜影像分辨率:?1080p拍照像素:?200万摄像像素:?200万画面视角:?140°运行内存:?1GB镜头数量:?单镜头颜色分类:?黑色屏幕尺寸:?6.86英寸功能:?循环录像?微信查车，智能声控，微信接人，违章查询，FM发射，?GPS定位?GPS导航?WIFI?上网?倒车影像?停车监控?前车碰撞预警?前车起步提醒?前车车距侦测?变道辅助?固定测速?开灯提醒?碰撞感应?轨道偏移预警?手势感应拍照?前后录像?前后双镜头?智能声控,微信接人,FM发射上网/语音套餐:?无流量语音套餐",https://detail.tmall.com/item.htm?id=574075325874
215,573707373351,凌度行车记录仪双镜头高清带电子狗行车记录仪高清夜视24小时监控,298.00 - 718.00,"产品名称：凌度 HS900主镜头光圈:?F2.0品牌:?凌度型号:?HS900套餐:?官方标配?套餐一?套餐二?套餐三?套餐四?套餐五?套餐六?套餐七?套餐八安装类型:?后视镜影像分辨率:?1080p拍照像素:?1200万摄像像素:?500万画面视角:?140°运行内存:?1GB镜头数量:?双镜头颜色分类:?银色屏幕尺寸:?8英寸功能:?夜视加强?循环录像?微信查车，智能声控，微信接人，违章查询，FM发射，?微光夜视加强?移动侦测?GPS定位?GPS导航?上网?倒车影像?停车监控?前车碰撞预警?变道辅助?固定测速?流动测速?蓝牙?行人防撞预警?轨道偏移预警?限速标志提醒?前后录像?前后双镜头?智能声控,微信接人,FM发射",https://detail.tmall.com/item.htm?id=573707373351
216,555134913978,360行车记录仪高清夜视双镜头全景M301前后双录带倒车影像后视镜,1199.00 - 1299.00,产品名称：360 M301主镜头光圈:?F2.2品牌:?360型号:?M301套餐:?官方标配?套餐一?套餐二?套餐三?套餐四?套餐五?套餐六?套餐七安装类型:?后视镜影像分辨率:?1080p拍照像素:?200万摄像像素:?200万画面视角:?140°运行内存:?128MB镜头数量:?双镜头颜色分类:?黑色屏幕尺寸:?4.3英寸功能:?夜视加强?循环录像?画面畸形修正?移动侦测?WIFI?倒车影像?停车监控?短视频分享?碰撞感应?前后双镜头,https://detail.tmall.com/item.htm?id=555134913978
217,549707822643,一录安后视镜导航行车记录仪双镜头高清全景前后双录倒车影像一体,399.00 - 1099.00,产品名称：TRUTH CONTENT/一录安 V5主镜头光圈:?F2.0品牌:?TRUTH CONTENT/一录安型号:?V5套餐:?官方标配?套餐一?套餐二?套餐三?套餐四?套餐五?套餐六?套餐七?套餐八安装类型:?后视镜影像分辨率:?1080p拍照像素:?1500万摄像像素:?500万画面视角:?170°运行内存:?1GB镜头数量:?双镜头颜色分类:?黑色屏幕尺寸:?6.86英寸功能:?循环录像?微信查车，智能声控，微信接人，违章查询，FM发射，?GPS定位?GPS导航?WIFI?倒车影像?停车监控?固定测速?前后录像,https://detail.tmall.com/item.htm?id=549707822643
218,536566750736,?捷渡?新款无线汽车行车记录仪双镜头高清夜视全景导航24小时监控,798.00 - 1938.00,产品名称：JADO/捷渡 D680S主镜头光圈:?F1.9品牌:?JADO/捷渡型号:?D680S套餐:?官方标配?套餐一?套餐二?套餐三?套餐四?套餐五?套餐六?套餐七?套餐八安装类型:?后视镜影像分辨率:?1080p拍照像素:?其它摄像像素:?500万画面视角:?140°运行内存:?1GB镜头数量:?双镜头颜色分类:?深灰色屏幕尺寸:?7英寸功能:?循环录像?微信查车，智能声控，微信接人，违章查询，FM发射，?GPS定位?GPS导航?WIFI?上网?停车监控?固定测速?流动测速?碰撞感应,https://detail.tmall.com/item.htm?id=536566750736
219,562297642754,马自达昂克赛拉阿特兹cx-4/5/3/6隐藏式专用行车记录仪高清夜视,2200.00,产品名称：神州泰坦 SAD-02主镜头光圈:?F1.8品牌:?神州泰坦型号:?SAD-02套餐:?官方标配?套餐一?套餐二?套餐三?套餐四安装类型:?专车专用影像分辨率:?1080p拍照像素:?200万摄像像素:?200万画面视角:?146°运行内存:?2GB镜头数量:?单镜头颜色分类:?深灰色?黑色屏幕尺寸:?不带屏幕功能:?夜视加强?移动侦测?WIFI?停车监控?碰撞感应,https://detail.tmall.com/item.htm?id=562297642754
